alcohol_id,ingredient_id,label
5016,4096,1
5016,6159,1
5016,4123,1
5016,6172,1
5016,4129,1
5016,4132,1
5016,38,1
5016,50,1
5016,4150,1
5016,57,1
5016,58,1
5016,4153,1
5016,6204,1
5016,61,1
5016,6212,1
5016,71,1
5016,4172,1
5016,77,1
5016,86,1
5016,88,1
5016,4204,1
5016,4092,1
5016,114,1
5016,2164,1
5016,4213,1
5016,2167,1
5016,6266,1
5016,135,1
5016,2188,1
5016,6287,1
5016,145,1
5016,4243,1
5016,148,1
5016,2200,1
5016,2202,1
5016,6299,1
5016,6300,1
5016,158,1
5016,6303,1
5016,2210,1
5016,163,1
5016,4264,1
5016,175,1
5016,2223,1
5016,6326,1
5016,4279,1
5016,2239,1
5016,6337,1
5016,196,1
5016,197,1
5016,4292,1
5016,6349,1
5016,4309,1
5016,213,1
5016,6367,1
5016,223,1
5016,4319,1
5016,6371,1
5016,4324,1
5016,4323,1
5016,4330,1
5016,4343,1
5016,4350,1
5016,2310,1
5016,6409,1
5016,2320,1
5016,273,1
5016,2331,1
5016,2335,1
5016,6434,1
5016,6441,1
5016,300,1
5016,302,1
5016,2364,1
5016,321,1
5016,326,1
5016,328,1
5016,6475,1
5016,6476,1
5016,6477,1
5016,6478,1
5016,336,1
5016,4433,1
5016,4438,1
5016,345,1
5016,6490,1
5016,4444,1
5016,2396,1
5016,361,1
5016,6507,1
5016,4460,1
5016,6508,1
5016,4469,1
5016,4478,1
5016,4494,1
5016,6545,1
5016,6547,1
5016,421,1
5016,4521,1
5016,429,1
5016,4527,1
5016,438,1
5016,4545,1
5016,453,1
5016,4572,1
5016,4575,1
5016,483,1
5016,485,1
5016,6631,1
5016,4588,1
5016,4600,1
5016,504,1
5016,510,1
5016,518,1
5016,4615,1
5016,4620,1
5016,4625,1
5016,537,1
5016,4635,1
5016,547,1
5016,556,1
5016,4653,1
5016,4658,1
5016,4659,1
5016,6709,1
5016,4663,1
5016,4687,1
5016,4689,1
5016,4699,1
5016,4701,1
5016,6749,1
5016,6756,1
5016,4716,1
5016,6766,1
5016,4724,1
5016,6773,1
5016,6775,1
5016,4733,1
5016,6782,1
5016,6787,1
5016,6788,1
5016,6791,1
5016,4744,1
5016,656,1
5016,6803,1
5016,667,1
5016,668,1
5016,4763,1
5016,4768,1
5016,6821,1
5016,4776,1
5016,682,1
5016,685,1
5016,6838,1
5016,709,1
5016,2757,1
5016,2761,1
5016,4809,1
5016,2764,1
5016,4821,1
5016,2774,1
5016,2793,1
5016,4846,1
5016,6894,1
5016,754,1
5016,762,1
5016,770,1
5016,2821,1
5016,4875,1
5016,779,1
5016,781,1
5016,4885,1
5016,4891,1
5016,805,1
5016,814,1
5016,823,1
5016,4928,1
5016,838,1
5016,2890,1
5016,4948,1
5016,854,1
5016,4958,1
5016,4961,1
5016,2914,1
5016,7013,1
5016,4966,1
5016,7020,1
5016,7021,1
5016,885,1
5016,7029,1
5016,2947,1
5016,7043,1
5016,2955,1
5016,5027,1
5016,2980,1
5016,5028,1
5016,5030,1
5016,7083,1
5016,7087,1
5016,960,1
5016,966,1
5016,975,1
5016,3035,1
5016,991,1
5016,3041,1
5016,995,1
5016,5096,1
5016,1003,1
5016,1005,1
5016,5108,1
5016,1014,1
5016,1017,1
5016,1018,1
5016,5115,1
5016,1023,1
5016,1027,1
5016,5125,1
5016,1033,1
5016,1041,1
5016,5147,1
5016,5149,1
5016,5171,1
5016,5173,1
5016,3125,1
5016,3128,1
5016,1081,1
5016,5176,1
5016,1083,1
5016,3133,1
5016,5183,1
5016,1089,1
5016,5188,1
5016,5190,1
5016,5192,1
5016,3148,1
5016,5203,1
5016,5205,1
5016,1111,1
5016,1121,1
5016,3169,1
5016,1125,1
5016,1128,1
5016,1129,1
5016,5228,1
5016,1138,1
5016,3201,1
5016,5285,1
5016,1204,1
5016,1212,1
5016,5328,1
5016,5330,1
5016,3290,1
5016,3308,1
5016,1263,1
5016,3312,1
5016,1266,1
5016,3334,1
5016,5418,1
5016,3370,1
5016,5424,1
5016,1328,1
5016,3377,1
5016,3378,1
5016,5431,1
5016,3386,1
5016,5436,1
5016,5454,1
5016,1361,1
5016,1368,1
5016,1390,1
5016,1395,1
5016,3447,1
5016,1411,1
5016,5519,1
5016,1426,1
5016,1427,1
5016,1429,1
5016,5526,1
5016,1430,1
5016,5527,1
5016,5535,1
5016,3489,1
5016,1458,1
5016,5567,1
5016,5569,1
5016,3526,1
5016,3527,1
5016,5579,1
5016,5582,1
5016,1488,1
5016,1489,1
5016,5588,1
5016,3546,1
5016,1504,1
5016,3560,1
5016,5608,1
5016,3562,1
5016,3565,1
5016,3572,1
5016,3596,1
5016,3597,1
5016,5650,1
5016,5653,1
5016,5668,1
5016,1576,1
5016,5676,1
5016,3632,1
5016,1588,1
5016,3636,1
5016,1595,1
5016,1598,1
5016,1608,1
5016,1615,1
5016,1631,1
5016,5735,1
5016,1644,1
5016,1645,1
5016,5743,1
5016,5759,1
5016,1664,1
5016,3717,1
5016,3720,1
5016,3727,1
5016,1679,1
5016,1681,1
5016,1682,1
5016,5800,1
5016,5809,1
5016,3766,1
5016,3781,1
5016,3782,1
5016,1768,1
5016,1773,1
5016,1783,1
5016,5879,1
5016,1786,1
5016,3839,1
5016,3840,1
5016,1794,1
5016,3860,1
5016,5919,1
5016,5929,1
5016,1845,1
5016,3899,1
5016,1855,1
5016,5956,1
5016,5959,1
5016,5960,1
5016,5967,1
5016,3920,1
5016,1895,1
5016,5999,1
5016,6004,1
5016,6032,1
5016,6035,1
5016,6051,1
5016,4013,1
5016,6062,1
5016,4021,1
5016,6079,1
5016,6083,1
5016,6086,1
5016,6091,1
5016,4045,1
5016,4052,1
5016,4076,1
5016,6131,1
5016,4084,1
5016,6140,1
6763,4096,1
6763,6159,1
6763,4123,1
6763,6172,1
6763,4129,1
6763,4132,1
6763,38,1
6763,50,1
6763,4150,1
6763,57,1
6763,58,1
6763,4153,1
6763,6204,1
6763,61,1
6763,6212,1
6763,71,1
6763,4172,1
6763,77,1
6763,86,1
6763,88,1
6763,4204,1
6763,114,1
6763,2164,1
6763,4213,1
6763,2167,1
6763,6266,1
6763,135,1
6763,2188,1
6763,145,1
6763,4243,1
6763,148,1
6763,2200,1
6763,2202,1
6763,6299,1
6763,6300,1
6763,158,1
6763,6303,1
6763,2210,1
6763,4264,1
6763,2223,1
6763,175,1
6763,6326,1
6763,4279,1
6763,2239,1
6763,196,1
6763,4292,1
6763,197,1
6763,6349,1
6763,213,1
6763,4309,1
6763,223,1
6763,6367,1
6763,4319,1
6763,6371,1
6763,4324,1
6763,4323,1
6763,4330,1
6763,4343,1
6763,4350,1
6763,2310,1
6763,6409,1
6763,2320,1
6763,273,1
6763,2331,1
6763,6434,1
6763,6441,1
6763,300,1
6763,302,1
6763,2364,1
6763,321,1
6763,328,1
6763,6475,1
6763,6476,1
6763,6477,1
6763,6478,1
6763,4438,1
6763,345,1
6763,2396,1
6763,4444,1
6763,361,1
6763,6507,1
6763,4460,1
6763,6508,1
6763,4469,1
6763,4478,1
6763,4494,1
6763,6545,1
6763,6547,1
6763,421,1
6763,429,1
6763,4527,1
6763,4545,1
6763,453,1
6763,4572,1
6763,4575,1
6763,483,1
6763,485,1
6763,6631,1
6763,4588,1
6763,4600,1
6763,504,1
6763,518,1
6763,4615,1
6763,4620,1
6763,4625,1
6763,537,1
6763,4635,1
6763,547,1
6763,556,1
6763,4653,1
6763,4659,1
6763,6709,1
6763,4663,1
6763,4687,1
6763,4701,1
6763,6749,1
6763,6756,1
6763,4716,1
6763,6766,1
6763,4724,1
6763,6773,1
6763,6775,1
6763,4733,1
6763,6782,1
6763,6787,1
6763,6788,1
6763,6791,1
6763,4744,1
6763,656,1
6763,6803,1
6763,667,1
6763,668,1
6763,4763,1
6763,4768,1
6763,6821,1
6763,4776,1
6763,682,1
6763,685,1
6763,709,1
6763,2757,1
6763,2761,1
6763,4809,1
6763,2764,1
6763,4821,1
6763,2774,1
6763,2793,1
6763,4846,1
6763,754,1
6763,762,1
6763,770,1
6763,2821,1
6763,4875,1
6763,779,1
6763,781,1
6763,4885,1
6763,4891,1
6763,805,1
6763,814,1
6763,823,1
6763,4928,1
6763,838,1
6763,2890,1
6763,4948,1
6763,854,1
6763,4958,1
6763,4961,1
6763,2914,1
6763,7013,1
6763,4966,1
6763,7020,1
6763,7021,1
6763,885,1
6763,7029,1
6763,2947,1
6763,7043,1
6763,2955,1
6763,5027,1
6763,5028,1
6763,2980,1
6763,5030,1
6763,7083,1
6763,7087,1
6763,960,1
6763,966,1
6763,975,1
6763,991,1
6763,3041,1
6763,995,1
6763,5096,1
6763,1003,1
6763,1005,1
6763,5108,1
6763,1014,1
6763,1017,1
6763,1018,1
6763,5115,1
6763,1023,1
6763,1027,1
6763,5125,1
6763,1041,1
6763,5147,1
6763,5149,1
6763,5171,1
6763,3125,1
6763,5173,1
6763,5176,1
6763,1081,1
6763,3128,1
6763,1083,1
6763,3133,1
6763,5183,1
6763,1089,1
6763,5188,1
6763,5192,1
6763,3148,1
6763,5203,1
6763,5205,1
6763,1111,1
6763,3169,1
6763,1125,1
6763,1128,1
6763,1129,1
6763,5228,1
6763,1138,1
6763,3201,1
6763,5285,1
6763,1204,1
6763,1212,1
6763,5328,1
6763,5330,1
6763,3290,1
6763,3308,1
6763,1263,1
6763,3312,1
6763,1266,1
6763,3334,1
6763,5418,1
6763,3370,1
6763,1328,1
6763,3377,1
6763,3378,1
6763,5424,1
6763,5431,1
6763,3386,1
6763,5436,1
6763,1368,1
6763,3447,1
6763,1411,1
6763,5519,1
6763,1426,1
6763,1427,1
6763,1429,1
6763,1430,1
6763,5526,1
6763,5535,1
6763,3489,1
6763,1458,1
6763,5567,1
6763,5569,1
6763,3526,1
6763,3527,1
6763,5579,1
6763,5582,1
6763,1488,1
6763,1489,1
6763,5588,1
6763,3546,1
6763,5598,1
6763,1504,1
6763,5608,1
6763,3560,1
6763,3562,1
6763,3565,1
6763,3572,1
6763,3596,1
6763,3597,1
6763,5650,1
6763,5653,1
6763,5668,1
6763,1576,1
6763,5676,1
6763,3632,1
6763,1588,1
6763,1595,1
6763,1598,1
6763,1608,1
6763,1615,1
6763,1631,1
6763,5735,1
6763,1644,1
6763,1645,1
6763,5743,1
6763,5759,1
6763,1664,1
6763,3717,1
6763,3720,1
6763,1679,1
6763,3727,1
6763,1681,1
6763,1682,1
6763,5800,1
6763,5809,1
6763,3766,1
6763,3781,1
6763,3782,1
6763,1768,1
6763,1773,1
6763,5879,1
6763,3839,1
6763,3840,1
6763,1794,1
6763,3860,1
6763,5919,1
6763,5929,1
6763,1845,1
6763,3899,1
6763,1855,1
6763,5956,1
6763,5959,1
6763,5960,1
6763,5967,1
6763,3920,1
6763,1895,1
6763,5999,1
6763,6004,1
6763,6032,1
6763,6035,1
6763,6051,1
6763,4013,1
6763,6062,1
6763,6079,1
6763,6083,1
6763,6086,1
6763,6091,1
6763,4045,1
6763,4052,1
6763,4076,1
6763,6131,1
6763,4084,1
6763,4092,1
4937,4096,1
4937,1027,1
4937,5125,1
4937,1033,1
4937,1041,1
4937,5147,1
4937,4123,1
4937,6172,1
4937,4129,1
4937,4132,1
4937,38,1
4937,50,1
4937,5171,1
4937,5173,1
4937,4150,1
4937,3128,1
4937,57,1
4937,1081,1
4937,1083,1
4937,58,1
4937,3133,1
4937,61,1
4937,5183,1
4937,5176,1
4937,1089,1
4937,4153,1
4937,6204,1
4937,6212,1
4937,5188,1
4937,5190,1
4937,4172,1
4937,77,1
4937,3148,1
4937,5203,1
4937,5205,1
4937,86,1
4937,1111,1
4937,88,1
4937,1121,1
4937,3169,1
4937,1125,1
4937,1128,1
4937,1129,1
4937,4204,1
4937,5228,1
4937,1138,1
4937,114,1
4937,2164,1
4937,4213,1
4937,6266,1
4937,3201,1
4937,135,1
4937,2188,1
4937,6287,1
4937,145,1
4937,4243,1
4937,148,1
4937,2200,1
4937,2202,1
4937,6299,1
4937,6300,1
4937,158,1
4937,6303,1
4937,2210,1
4937,163,1
4937,5285,1
4937,4264,1
4937,175,1
4937,2223,1
4937,1204,1
4937,6326,1
4937,4279,1
4937,1212,1
4937,6337,1
4937,196,1
4937,197,1
4937,6349,1
4937,5328,1
4937,5330,1
4937,4309,1
4937,213,1
4937,3290,1
4937,6367,1
4937,223,1
4937,4319,1
4937,6371,1
4937,4324,1
4937,4323,1
4937,4330,1
4937,3308,1
4937,1263,1
4937,3312,1
4937,1266,1
4937,4343,1
4937,4350,1
4937,2310,1
4937,6409,1
4937,2320,1
4937,273,1
4937,2331,1
4937,2335,1
4937,6434,1
4937,6441,1
4937,3370,1
4937,300,1
4937,302,1
4937,5424,1
4937,1328,1
4937,3377,1
4937,3378,1
4937,5431,1
4937,3386,1
4937,2364,1
4937,321,1
4937,326,1
4937,328,1
4937,6475,1
4937,6476,1
4937,5454,1
4937,336,1
4937,1361,1
4937,4433,1
4937,4438,1
4937,1368,1
4937,345,1
4937,6490,1
4937,4444,1
4937,2396,1
4937,361,1
4937,6507,1
4937,4460,1
4937,6508,1
4937,1390,1
4937,1395,1
4937,4469,1
4937,3447,1
4937,4478,1
4937,1411,1
4937,4494,1
4937,5519,1
4937,6545,1
4937,1426,1
4937,6547,1
4937,1427,1
4937,1429,1
4937,5526,1
4937,1430,1
4937,5527,1
4937,5535,1
4937,3489,1
4937,421,1
4937,4521,1
4937,429,1
4937,4527,1
4937,1458,1
4937,438,1
4937,5567,1
4937,5569,1
4937,4545,1
4937,453,1
4937,3526,1
4937,3527,1
4937,5579,1
4937,5582,1
4937,1488,1
4937,1489,1
4937,5588,1
4937,3546,1
4937,4572,1
4937,4575,1
4937,483,1
4937,485,1
4937,6631,1
4937,3560,1
4937,5608,1
4937,3562,1
4937,4588,1
4937,3565,1
4937,3572,1
4937,4600,1
4937,504,1
4937,510,1
4937,518,1
4937,4615,1
4937,4620,1
4937,3596,1
4937,3597,1
4937,4625,1
4937,5650,1
4937,5653,1
4937,537,1
4937,4635,1
4937,547,1
4937,5668,1
4937,1576,1
4937,5676,1
4937,4653,1
4937,3632,1
4937,4658,1
4937,4659,1
4937,1588,1
4937,3636,1
4937,6709,1
4937,4663,1
4937,1595,1
4937,1598,1
4937,1608,1
4937,4687,1
4937,4689,1
4937,4699,1
4937,4701,1
4937,6749,1
4937,1631,1
4937,6756,1
4937,5735,1
4937,4716,1
4937,1645,1
4937,6766,1
4937,5743,1
4937,6775,1
4937,4733,1
4937,6782,1
4937,5759,1
4937,1664,1
4937,6787,1
4937,6788,1
4937,3717,1
4937,6791,1
4937,4744,1
4937,3720,1
4937,3727,1
4937,656,1
4937,1679,1
4937,1682,1
4937,6803,1
4937,1681,1
4937,667,1
4937,668,1
4937,4763,1
4937,4768,1
4937,6821,1
4937,5800,1
4937,682,1
4937,685,1
4937,5809,1
4937,3766,1
4937,6838,1
4937,709,1
4937,3781,1
4937,3782,1
4937,2757,1
4937,2761,1
4937,4809,1
4937,4821,1
4937,2774,1
4937,1768,1
4937,2793,1
4937,1773,1
4937,4846,1
4937,6894,1
4937,754,1
4937,1783,1
4937,5879,1
4937,1786,1
4937,762,1
4937,3839,1
4937,3840,1
4937,2821,1
4937,4875,1
4937,779,1
4937,781,1
4937,3860,1
4937,4885,1
4937,5919,1
4937,805,1
4937,5929,1
4937,814,1
4937,1845,1
4937,823,1
4937,3899,1
4937,1855,1
4937,4928,1
4937,5956,1
4937,838,1
4937,5959,1
4937,5960,1
4937,2890,1
4937,5967,1
4937,3920,1
4937,4948,1
4937,854,1
4937,4958,1
4937,4961,1
4937,2914,1
4937,7013,1
4937,4966,1
4937,1895,1
4937,7020,1
4937,7021,1
4937,6004,1
4937,885,1
4937,2947,1
4937,7043,1
4937,2955,1
4937,6032,1
4937,6035,1
4937,5027,1
4937,2980,1
4937,6051,1
4937,5028,1
4937,5030,1
4937,7083,1
4937,4013,1
4937,6062,1
4937,7087,1
4937,4021,1
4937,6079,1
4937,960,1
4937,6083,1
4937,966,1
4937,6091,1
4937,4045,1
4937,975,1
4937,4052,1
4937,3035,1
4937,991,1
4937,3041,1
4937,995,1
4937,5096,1
4937,1003,1
4937,4076,1
4937,1005,1
4937,6131,1
4937,5108,1
4937,4084,1
4937,1014,1
4937,1017,1
4937,1018,1
4937,5115,1
4937,6140,1
4937,1023,1
6031,4096,1
6031,1027,1
6031,5125,1
6031,1033,1
6031,1041,1
6031,5147,1
6031,4123,1
6031,6172,1
6031,4129,1
6031,4132,1
6031,38,1
6031,50,1
6031,5171,1
6031,5173,1
6031,4150,1
6031,3128,1
6031,57,1
6031,1081,1
6031,1083,1
6031,58,1
6031,3133,1
6031,61,1
6031,5183,1
6031,5176,1
6031,1089,1
6031,4153,1
6031,6204,1
6031,6212,1
6031,5188,1
6031,5190,1
6031,4172,1
6031,77,1
6031,3148,1
6031,5203,1
6031,5205,1
6031,86,1
6031,1111,1
6031,88,1
6031,1121,1
6031,3169,1
6031,1125,1
6031,1128,1
6031,1129,1
6031,4204,1
6031,5228,1
6031,1138,1
6031,114,1
6031,2164,1
6031,4213,1
6031,6266,1
6031,3201,1
6031,135,1
6031,2188,1
6031,6287,1
6031,145,1
6031,4243,1
6031,148,1
6031,2200,1
6031,2202,1
6031,6299,1
6031,6300,1
6031,158,1
6031,6303,1
6031,2210,1
6031,163,1
6031,5285,1
6031,4264,1
6031,175,1
6031,2223,1
6031,1204,1
6031,6326,1
6031,4279,1
6031,1212,1
6031,6337,1
6031,196,1
6031,197,1
6031,6349,1
6031,5328,1
6031,5330,1
6031,4309,1
6031,213,1
6031,3290,1
6031,6367,1
6031,223,1
6031,4319,1
6031,6371,1
6031,4324,1
6031,4323,1
6031,4330,1
6031,3308,1
6031,1263,1
6031,3312,1
6031,1266,1
6031,4343,1
6031,4350,1
6031,2310,1
6031,6409,1
6031,2320,1
6031,273,1
6031,2331,1
6031,2335,1
6031,6434,1
6031,6441,1
6031,3370,1
6031,300,1
6031,302,1
6031,5424,1
6031,1328,1
6031,3377,1
6031,3378,1
6031,5431,1
6031,3386,1
6031,2364,1
6031,321,1
6031,326,1
6031,328,1
6031,6475,1
6031,6476,1
6031,5454,1
6031,336,1
6031,1361,1
6031,4433,1
6031,4438,1
6031,1368,1
6031,345,1
6031,6490,1
6031,4444,1
6031,2396,1
6031,361,1
6031,6507,1
6031,4460,1
6031,6508,1
6031,1390,1
6031,1395,1
6031,4469,1
6031,3447,1
6031,4478,1
6031,1411,1
6031,4494,1
6031,5519,1
6031,6545,1
6031,1426,1
6031,6547,1
6031,1427,1
6031,1429,1
6031,5526,1
6031,1430,1
6031,5527,1
6031,5535,1
6031,3489,1
6031,421,1
6031,4521,1
6031,429,1
6031,4527,1
6031,1458,1
6031,438,1
6031,5567,1
6031,5569,1
6031,4545,1
6031,453,1
6031,3526,1
6031,3527,1
6031,5579,1
6031,5582,1
6031,1488,1
6031,1489,1
6031,5588,1
6031,3546,1
6031,4572,1
6031,4575,1
6031,483,1
6031,485,1
6031,6631,1
6031,3560,1
6031,5608,1
6031,3562,1
6031,4588,1
6031,3565,1
6031,3572,1
6031,4600,1
6031,504,1
6031,510,1
6031,518,1
6031,4615,1
6031,4620,1
6031,3596,1
6031,3597,1
6031,4625,1
6031,5650,1
6031,5653,1
6031,537,1
6031,4635,1
6031,547,1
6031,5668,1
6031,1576,1
6031,5676,1
6031,4653,1
6031,3632,1
6031,4658,1
6031,4659,1
6031,1588,1
6031,3636,1
6031,6709,1
6031,4663,1
6031,1595,1
6031,1598,1
6031,1608,1
6031,4687,1
6031,4689,1
6031,4699,1
6031,4701,1
6031,6749,1
6031,1631,1
6031,6756,1
6031,5735,1
6031,4716,1
6031,1645,1
6031,6766,1
6031,5743,1
6031,6775,1
6031,4733,1
6031,6782,1
6031,5759,1
6031,1664,1
6031,6787,1
6031,6788,1
6031,3717,1
6031,6791,1
6031,4744,1
6031,3720,1
6031,3727,1
6031,656,1
6031,1679,1
6031,1682,1
6031,6803,1
6031,1681,1
6031,667,1
6031,668,1
6031,4763,1
6031,4768,1
6031,6821,1
6031,5800,1
6031,682,1
6031,685,1
6031,5809,1
6031,3766,1
6031,6838,1
6031,709,1
6031,3781,1
6031,3782,1
6031,2757,1
6031,2761,1
6031,4809,1
6031,4821,1
6031,2774,1
6031,1768,1
6031,2793,1
6031,1773,1
6031,4846,1
6031,6894,1
6031,754,1
6031,1783,1
6031,5879,1
6031,1786,1
6031,762,1
6031,3839,1
6031,3840,1
6031,2821,1
6031,4875,1
6031,779,1
6031,781,1
6031,3860,1
6031,4885,1
6031,5919,1
6031,805,1
6031,5929,1
6031,814,1
6031,1845,1
6031,823,1
6031,3899,1
6031,1855,1
6031,4928,1
6031,5956,1
6031,838,1
6031,5959,1
6031,5960,1
6031,2890,1
6031,5967,1
6031,3920,1
6031,4948,1
6031,854,1
6031,4958,1
6031,4961,1
6031,2914,1
6031,7013,1
6031,4966,1
6031,1895,1
6031,7020,1
6031,7021,1
6031,6004,1
6031,885,1
6031,2947,1
6031,7043,1
6031,2955,1
6031,6032,1
6031,6035,1
6031,5027,1
6031,2980,1
6031,6051,1
6031,5028,1
6031,5030,1
6031,7083,1
6031,4013,1
6031,6062,1
6031,7087,1
6031,4021,1
6031,6079,1
6031,960,1
6031,6083,1
6031,966,1
6031,6091,1
6031,4045,1
6031,975,1
6031,4052,1
6031,3035,1
6031,991,1
6031,3041,1
6031,995,1
6031,5096,1
6031,1003,1
6031,4076,1
6031,1005,1
6031,6131,1
6031,5108,1
6031,4084,1
6031,1014,1
6031,1017,1
6031,1018,1
6031,5115,1
6031,6140,1
6031,1023,1
2836,4096,1
2836,6159,1
2836,4123,1
2836,6172,1
2836,4129,1
2836,4132,1
2836,38,1
2836,50,1
2836,4150,1
2836,57,1
2836,58,1
2836,4153,1
2836,6204,1
2836,61,1
2836,6212,1
2836,71,1
2836,4172,1
2836,77,1
2836,86,1
2836,88,1
2836,4204,1
2836,114,1
2836,2164,1
2836,4213,1
2836,2167,1
2836,6266,1
2836,135,1
2836,2188,1
2836,6287,1
2836,145,1
2836,4243,1
2836,148,1
2836,2200,1
2836,2202,1
2836,6299,1
2836,6300,1
2836,158,1
2836,6303,1
2836,2210,1
2836,163,1
2836,4264,1
2836,175,1
2836,2223,1
2836,6326,1
2836,4279,1
2836,2239,1
2836,6337,1
2836,196,1
2836,197,1
2836,4292,1
2836,6349,1
2836,213,1
2836,4309,1
2836,223,1
2836,6367,1
2836,4319,1
2836,6371,1
2836,4324,1
2836,4323,1
2836,4330,1
2836,4343,1
2836,4350,1
2836,2310,1
2836,6409,1
2836,2320,1
2836,273,1
2836,2331,1
2836,2335,1
2836,4383,1
2836,6434,1
2836,6441,1
2836,300,1
2836,302,1
2836,2364,1
2836,321,1
2836,326,1
2836,328,1
2836,6475,1
2836,6476,1
2836,6477,1
2836,6478,1
2836,336,1
2836,4433,1
2836,4438,1
2836,345,1
2836,6490,1
2836,4444,1
2836,2396,1
2836,361,1
2836,6507,1
2836,4460,1
2836,6508,1
2836,4469,1
2836,4478,1
2836,4494,1
2836,6545,1
2836,6547,1
2836,421,1
2836,4521,1
2836,429,1
2836,4527,1
2836,438,1
2836,4545,1
2836,453,1
2836,4572,1
2836,4575,1
2836,483,1
2836,485,1
2836,6631,1
2836,4588,1
2836,4600,1
2836,504,1
2836,518,1
2836,4615,1
2836,4620,1
2836,4625,1
2836,537,1
2836,4635,1
2836,547,1
2836,556,1
2836,4653,1
2836,4659,1
2836,6709,1
2836,4663,1
2836,4687,1
2836,4699,1
2836,4701,1
2836,6749,1
2836,6756,1
2836,4716,1
2836,6766,1
2836,4724,1
2836,6773,1
2836,6775,1
2836,4733,1
2836,6782,1
2836,6787,1
2836,6788,1
2836,6791,1
2836,4744,1
2836,656,1
2836,6803,1
2836,667,1
2836,668,1
2836,4763,1
2836,4768,1
2836,6821,1
2836,4776,1
2836,682,1
2836,685,1
2836,709,1
2836,2757,1
2836,2761,1
2836,4809,1
2836,2764,1
2836,4821,1
2836,2774,1
2836,2793,1
2836,4846,1
2836,6894,1
2836,754,1
2836,762,1
2836,770,1
2836,2821,1
2836,4875,1
2836,779,1
2836,781,1
2836,4885,1
2836,4891,1
2836,805,1
2836,814,1
2836,823,1
2836,4928,1
2836,838,1
2836,2890,1
2836,4948,1
2836,854,1
2836,4958,1
2836,4961,1
2836,2914,1
2836,7013,1
2836,4966,1
2836,7020,1
2836,7021,1
2836,885,1
2836,7029,1
2836,2947,1
2836,7043,1
2836,2955,1
2836,5027,1
2836,2980,1
2836,5028,1
2836,5030,1
2836,7083,1
2836,7087,1
2836,960,1
2836,966,1
2836,975,1
2836,991,1
2836,3041,1
2836,995,1
2836,5096,1
2836,1003,1
2836,1005,1
2836,5108,1
2836,1014,1
2836,1017,1
2836,1018,1
2836,5115,1
2836,1023,1
2836,1027,1
2836,5125,1
2836,1041,1
2836,5147,1
2836,5149,1
2836,5171,1
2836,5173,1
2836,3125,1
2836,3128,1
2836,1081,1
2836,5176,1
2836,1083,1
2836,3133,1
2836,5183,1
2836,1089,1
2836,5188,1
2836,5190,1
2836,5192,1
2836,3148,1
2836,5203,1
2836,5205,1
2836,1111,1
2836,1121,1
2836,3169,1
2836,1125,1
2836,1128,1
2836,1129,1
2836,5228,1
2836,1138,1
2836,3201,1
2836,5285,1
2836,1204,1
2836,1212,1
2836,5328,1
2836,5330,1
2836,3290,1
2836,3308,1
2836,1263,1
2836,3312,1
2836,1266,1
2836,3334,1
2836,5418,1
2836,3370,1
2836,5424,1
2836,1328,1
2836,3377,1
2836,3378,1
2836,5431,1
2836,3386,1
2836,5436,1
2836,5454,1
2836,1361,1
2836,1368,1
2836,1390,1
2836,1395,1
2836,3447,1
2836,1411,1
2836,5519,1
2836,1426,1
2836,1427,1
2836,1429,1
2836,5526,1
2836,1430,1
2836,5527,1
2836,5535,1
2836,3489,1
2836,1458,1
2836,5567,1
2836,5569,1
2836,3526,1
2836,3527,1
2836,5579,1
2836,5582,1
2836,1488,1
2836,1489,1
2836,5588,1
2836,3546,1
2836,5598,1
2836,1504,1
2836,5608,1
2836,3560,1
2836,3562,1
2836,3565,1
2836,3572,1
2836,3596,1
2836,3597,1
2836,5650,1
2836,5653,1
2836,5668,1
2836,1576,1
2836,5676,1
2836,3632,1
2836,1588,1
2836,1595,1
2836,1598,1
2836,1608,1
2836,1615,1
2836,1631,1
2836,5735,1
2836,1644,1
2836,1645,1
2836,5743,1
2836,5759,1
2836,1664,1
2836,3717,1
2836,3720,1
2836,3727,1
2836,1679,1
2836,1681,1
2836,1682,1
2836,5800,1
2836,5809,1
2836,3766,1
2836,3781,1
2836,3782,1
2836,1768,1
2836,1773,1
2836,1783,1
2836,5879,1
2836,1786,1
2836,3839,1
2836,3840,1
2836,1794,1
2836,3860,1
2836,5919,1
2836,5929,1
2836,1845,1
2836,3899,1
2836,1855,1
2836,5956,1
2836,5959,1
2836,5960,1
2836,5967,1
2836,3920,1
2836,1895,1
2836,5999,1
2836,6004,1
2836,6032,1
2836,6035,1
2836,6051,1
2836,4013,1
2836,6062,1
2836,4021,1
2836,6079,1
2836,6083,1
2836,6086,1
2836,6091,1
2836,4045,1
2836,4052,1
2836,4076,1
2836,6131,1
2836,4084,1
2836,4092,1
159,4096,1
159,1027,1
159,5125,1
159,1033,1
159,1041,1
159,4123,1
159,5147,1
159,6172,1
159,4129,1
159,4132,1
159,38,1
159,50,1
159,5171,1
159,5173,1
159,4150,1
159,3128,1
159,57,1
159,1081,1
159,1083,1
159,58,1
159,3133,1
159,61,1
159,5183,1
159,5176,1
159,1089,1
159,4153,1
159,6204,1
159,6212,1
159,5188,1
159,5190,1
159,4172,1
159,77,1
159,3148,1
159,5203,1
159,5205,1
159,86,1
159,1111,1
159,88,1
159,1121,1
159,3169,1
159,1125,1
159,1128,1
159,1129,1
159,4204,1
159,5228,1
159,1138,1
159,114,1
159,2164,1
159,4213,1
159,6266,1
159,3201,1
159,135,1
159,2188,1
159,6287,1
159,145,1
159,4243,1
159,148,1
159,2200,1
159,2202,1
159,6299,1
159,6300,1
159,158,1
159,6303,1
159,2210,1
159,163,1
159,5285,1
159,4264,1
159,175,1
159,2223,1
159,1204,1
159,6326,1
159,4279,1
159,1212,1
159,6337,1
159,196,1
159,197,1
159,6349,1
159,5328,1
159,5330,1
159,213,1
159,4309,1
159,3290,1
159,223,1
159,6367,1
159,4319,1
159,6371,1
159,4324,1
159,4323,1
159,4330,1
159,3308,1
159,1263,1
159,3312,1
159,1266,1
159,4343,1
159,4350,1
159,2310,1
159,6409,1
159,2320,1
159,273,1
159,2331,1
159,2335,1
159,6434,1
159,6441,1
159,3370,1
159,300,1
159,302,1
159,5424,1
159,1328,1
159,3377,1
159,3378,1
159,5431,1
159,3386,1
159,2364,1
159,321,1
159,326,1
159,328,1
159,6475,1
159,6476,1
159,5454,1
159,336,1
159,4433,1
159,1361,1
159,4438,1
159,1368,1
159,345,1
159,6490,1
159,4444,1
159,2396,1
159,361,1
159,6507,1
159,4460,1
159,6508,1
159,1390,1
159,1395,1
159,4469,1
159,3447,1
159,4478,1
159,1411,1
159,4494,1
159,5519,1
159,6545,1
159,1426,1
159,6547,1
159,1427,1
159,1429,1
159,5526,1
159,1430,1
159,5527,1
159,5535,1
159,3489,1
159,421,1
159,4521,1
159,429,1
159,4527,1
159,1458,1
159,438,1
159,5567,1
159,5569,1
159,4545,1
159,453,1
159,3526,1
159,3527,1
159,5579,1
159,5582,1
159,1488,1
159,1489,1
159,5588,1
159,3546,1
159,4572,1
159,4575,1
159,483,1
159,485,1
159,6631,1
159,3560,1
159,5608,1
159,3562,1
159,4588,1
159,3565,1
159,3572,1
159,4600,1
159,504,1
159,510,1
159,518,1
159,4615,1
159,3596,1
159,4620,1
159,3597,1
159,4625,1
159,5650,1
159,5653,1
159,537,1
159,4635,1
159,547,1
159,5668,1
159,1576,1
159,5676,1
159,4653,1
159,3632,1
159,4658,1
159,4659,1
159,1588,1
159,3636,1
159,6709,1
159,4663,1
159,1595,1
159,1598,1
159,1608,1
159,4687,1
159,4699,1
159,4701,1
159,6749,1
159,1631,1
159,6756,1
159,5735,1
159,4716,1
159,1645,1
159,6766,1
159,5743,1
159,6775,1
159,4733,1
159,6782,1
159,5759,1
159,1664,1
159,6787,1
159,6788,1
159,3717,1
159,6791,1
159,4744,1
159,3720,1
159,3727,1
159,1679,1
159,656,1
159,1682,1
159,6803,1
159,1681,1
159,667,1
159,668,1
159,4763,1
159,4768,1
159,6821,1
159,5800,1
159,682,1
159,685,1
159,5809,1
159,6838,1
159,3766,1
159,709,1
159,3782,1
159,3781,1
159,2757,1
159,2761,1
159,4809,1
159,4821,1
159,2774,1
159,1768,1
159,2793,1
159,1773,1
159,4846,1
159,6894,1
159,754,1
159,1783,1
159,5879,1
159,762,1
159,3839,1
159,3840,1
159,2821,1
159,4875,1
159,779,1
159,781,1
159,3860,1
159,4885,1
159,5919,1
159,805,1
159,5929,1
159,814,1
159,1845,1
159,823,1
159,3899,1
159,1855,1
159,4928,1
159,5956,1
159,838,1
159,5959,1
159,5960,1
159,2890,1
159,5967,1
159,3920,1
159,4948,1
159,854,1
159,4958,1
159,4961,1
159,2914,1
159,7013,1
159,4966,1
159,1895,1
159,7020,1
159,7021,1
159,6004,1
159,885,1
159,2947,1
159,7043,1
159,2955,1
159,6032,1
159,6035,1
159,5027,1
159,2980,1
159,6051,1
159,5028,1
159,5030,1
159,7083,1
159,4013,1
159,6062,1
159,7087,1
159,6079,1
159,960,1
159,6083,1
159,966,1
159,6091,1
159,4045,1
159,975,1
159,4052,1
159,3035,1
159,991,1
159,3041,1
159,995,1
159,5096,1
159,1003,1
159,4076,1
159,1005,1
159,6131,1
159,5108,1
159,4084,1
159,1014,1
159,1017,1
159,1018,1
159,5115,1
159,6140,1
159,1023,1
4026,4096,1
4026,1027,1
4026,5125,1
4026,6159,1
4026,1041,1
4026,5147,1
4026,6172,1
4026,5149,1
4026,4129,1
4026,4132,1
4026,38,1
4026,50,1
4026,5171,1
4026,3125,1
4026,4150,1
4026,5173,1
4026,5176,1
4026,57,1
4026,4153,1
4026,1081,1
4026,6204,1
4026,3133,1
4026,58,1
4026,5183,1
4026,61,1
4026,1089,1
4026,5188,1
4026,6212,1
4026,71,1
4026,5192,1
4026,3148,1
4026,77,1
4026,4172,1
4026,5203,1
4026,5205,1
4026,86,1
4026,1111,1
4026,88,1
4026,3169,1
4026,1125,1
4026,1128,1
4026,1129,1
4026,4204,1
4026,5228,1
4026,1138,1
4026,114,1
4026,2164,1
4026,4213,1
4026,2167,1
4026,6266,1
4026,3201,1
4026,135,1
4026,2188,1
4026,145,1
4026,4243,1
4026,148,1
4026,2200,1
4026,2202,1
4026,6300,1
4026,158,1
4026,6303,1
4026,2210,1
4026,5285,1
4026,4264,1
4026,175,1
4026,2223,1
4026,1204,1
4026,6326,1
4026,4279,1
4026,1212,1
4026,2239,1
4026,196,1
4026,197,1
4026,4292,1
4026,6349,1
4026,5328,1
4026,5330,1
4026,213,1
4026,3290,1
4026,223,1
4026,6367,1
4026,4319,1
4026,6371,1
4026,4324,1
4026,4323,1
4026,4330,1
4026,1263,1
4026,3312,1
4026,1266,1
4026,4343,1
4026,4350,1
4026,2310,1
4026,3334,1
4026,6409,1
4026,273,1
4026,2331,1
4026,6434,1
4026,6441,1
4026,5418,1
4026,3370,1
4026,300,1
4026,302,1
4026,1328,1
4026,3377,1
4026,5424,1
4026,3378,1
4026,5431,1
4026,3386,1
4026,5436,1
4026,321,1
4026,328,1
4026,6475,1
4026,6476,1
4026,6477,1
4026,6478,1
4026,4438,1
4026,1368,1
4026,345,1
4026,4444,1
4026,2396,1
4026,361,1
4026,6507,1
4026,4460,1
4026,6508,1
4026,4469,1
4026,3447,1
4026,4478,1
4026,1411,1
4026,4494,1
4026,6545,1
4026,1426,1
4026,6547,1
4026,1427,1
4026,1429,1
4026,1430,1
4026,5535,1
4026,3489,1
4026,421,1
4026,429,1
4026,4527,1
4026,1458,1
4026,5567,1
4026,5569,1
4026,4545,1
4026,453,1
4026,3526,1
4026,3527,1
4026,5579,1
4026,5582,1
4026,1489,1
4026,5588,1
4026,3546,1
4026,4572,1
4026,4575,1
4026,1504,1
4026,483,1
4026,485,1
4026,6631,1
4026,3560,1
4026,5608,1
4026,3562,1
4026,4588,1
4026,3565,1
4026,4600,1
4026,504,1
4026,518,1
4026,4620,1
4026,3596,1
4026,3597,1
4026,4625,1
4026,5650,1
4026,5653,1
4026,4635,1
4026,547,1
4026,5668,1
4026,1576,1
4026,556,1
4026,4653,1
4026,3632,1
4026,4659,1
4026,1588,1
4026,6709,1
4026,4663,1
4026,1595,1
4026,1598,1
4026,4687,1
4026,1615,1
4026,4701,1
4026,6749,1
4026,6756,1
4026,5735,1
4026,4716,1
4026,1645,1
4026,6766,1
4026,5743,1
4026,1644,1
4026,4724,1
4026,6773,1
4026,6775,1
4026,4733,1
4026,6782,1
4026,5759,1
4026,1664,1
4026,6787,1
4026,6788,1
4026,3717,1
4026,6791,1
4026,3720,1
4026,4744,1
4026,1679,1
4026,656,1
4026,1681,1
4026,3727,1
4026,6803,1
4026,667,1
4026,668,1
4026,4763,1
4026,4768,1
4026,6821,1
4026,4776,1
4026,5800,1
4026,682,1
4026,685,1
4026,5809,1
4026,3766,1
4026,709,1
4026,2757,1
4026,3781,1
4026,3782,1
4026,2761,1
4026,4809,1
4026,2764,1
4026,4821,1
4026,2774,1
4026,1768,1
4026,2793,1
4026,1773,1
4026,4846,1
4026,754,1
4026,762,1
4026,3839,1
4026,3840,1
4026,770,1
4026,1794,1
4026,2821,1
4026,4875,1
4026,779,1
4026,781,1
4026,3860,1
4026,4885,1
4026,4891,1
4026,5919,1
4026,805,1
4026,5929,1
4026,814,1
4026,1845,1
4026,823,1
4026,3899,1
4026,1855,1
4026,4928,1
4026,5956,1
4026,838,1
4026,5959,1
4026,5960,1
4026,5967,1
4026,3920,1
4026,4948,1
4026,4958,1
4026,4961,1
4026,2914,1
4026,7013,1
4026,4966,1
4026,1895,1
4026,7020,1
4026,7021,1
4026,5999,1
4026,6004,1
4026,885,1
4026,7029,1
4026,2947,1
4026,7043,1
4026,2955,1
4026,6032,1
4026,6035,1
4026,5027,1
4026,2980,1
4026,6051,1
4026,5028,1
4026,5030,1
4026,7083,1
4026,4013,1
4026,6062,1
4026,7087,1
4026,6079,1
4026,960,1
4026,6083,1
4026,966,1
4026,6086,1
4026,6091,1
4026,4045,1
4026,975,1
4026,4052,1
4026,991,1
4026,3041,1
4026,995,1
4026,5096,1
4026,1003,1
4026,4076,1
4026,1005,1
4026,6131,1
4026,4084,1
4026,1014,1
4026,1017,1
4026,1018,1
4026,5115,1
4026,4092,1
4026,1023,1
1112,4096,1
1112,1027,1
1112,5125,1
1112,1033,1
1112,1041,1
1112,4123,1
1112,5147,1
1112,6172,1
1112,4129,1
1112,4132,1
1112,38,1
1112,50,1
1112,5171,1
1112,5173,1
1112,4150,1
1112,3128,1
1112,57,1
1112,1081,1
1112,1083,1
1112,58,1
1112,3133,1
1112,61,1
1112,5183,1
1112,5176,1
1112,1089,1
1112,4153,1
1112,6204,1
1112,6212,1
1112,5188,1
1112,5190,1
1112,4172,1
1112,77,1
1112,3148,1
1112,5203,1
1112,5205,1
1112,86,1
1112,1111,1
1112,88,1
1112,1121,1
1112,3169,1
1112,1125,1
1112,1128,1
1112,1129,1
1112,4204,1
1112,5228,1
1112,1138,1
1112,114,1
1112,2164,1
1112,4213,1
1112,6266,1
1112,3201,1
1112,135,1
1112,2188,1
1112,6287,1
1112,145,1
1112,4243,1
1112,148,1
1112,2200,1
1112,2202,1
1112,6299,1
1112,6300,1
1112,158,1
1112,6303,1
1112,2210,1
1112,163,1
1112,5285,1
1112,4264,1
1112,175,1
1112,2223,1
1112,1204,1
1112,6326,1
1112,4279,1
1112,1212,1
1112,6337,1
1112,196,1
1112,197,1
1112,6349,1
1112,5328,1
1112,5330,1
1112,213,1
1112,4309,1
1112,3290,1
1112,223,1
1112,6367,1
1112,4319,1
1112,6371,1
1112,4324,1
1112,4323,1
1112,4330,1
1112,3308,1
1112,1263,1
1112,3312,1
1112,1266,1
1112,4343,1
1112,4350,1
1112,2310,1
1112,6409,1
1112,2320,1
1112,273,1
1112,2331,1
1112,2335,1
1112,6434,1
1112,6441,1
1112,3370,1
1112,300,1
1112,302,1
1112,5424,1
1112,1328,1
1112,3377,1
1112,3378,1
1112,5431,1
1112,3386,1
1112,2364,1
1112,321,1
1112,326,1
1112,328,1
1112,6475,1
1112,6476,1
1112,5454,1
1112,336,1
1112,4433,1
1112,1361,1
1112,4438,1
1112,1368,1
1112,345,1
1112,6490,1
1112,4444,1
1112,2396,1
1112,361,1
1112,6507,1
1112,4460,1
1112,6508,1
1112,1390,1
1112,1395,1
1112,4469,1
1112,3447,1
1112,4478,1
1112,1411,1
1112,4494,1
1112,5519,1
1112,6545,1
1112,1426,1
1112,6547,1
1112,1427,1
1112,1429,1
1112,5526,1
1112,1430,1
1112,5527,1
1112,5535,1
1112,3489,1
1112,421,1
1112,4521,1
1112,429,1
1112,4527,1
1112,1458,1
1112,438,1
1112,5567,1
1112,5569,1
1112,4545,1
1112,453,1
1112,3526,1
1112,3527,1
1112,5579,1
1112,5582,1
1112,1488,1
1112,1489,1
1112,5588,1
1112,3546,1
1112,4572,1
1112,4575,1
1112,483,1
1112,485,1
1112,6631,1
1112,3560,1
1112,5608,1
1112,3562,1
1112,4588,1
1112,3565,1
1112,3572,1
1112,4600,1
1112,504,1
1112,510,1
1112,518,1
1112,4615,1
1112,3596,1
1112,4620,1
1112,3597,1
1112,4625,1
1112,5650,1
1112,5653,1
1112,537,1
1112,4635,1
1112,547,1
1112,5668,1
1112,1576,1
1112,5676,1
1112,4653,1
1112,3632,1
1112,4658,1
1112,4659,1
1112,1588,1
1112,3636,1
1112,6709,1
1112,4663,1
1112,1595,1
1112,1598,1
1112,1608,1
1112,4687,1
1112,4699,1
1112,4701,1
1112,6749,1
1112,1631,1
1112,6756,1
1112,5735,1
1112,4716,1
1112,1645,1
1112,6766,1
1112,5743,1
1112,6775,1
1112,4733,1
1112,6782,1
1112,5759,1
1112,1664,1
1112,6787,1
1112,6788,1
1112,3717,1
1112,6791,1
1112,4744,1
1112,3720,1
1112,3727,1
1112,1679,1
1112,656,1
1112,1682,1
1112,6803,1
1112,1681,1
1112,667,1
1112,668,1
1112,4763,1
1112,4768,1
1112,6821,1
1112,5800,1
1112,682,1
1112,685,1
1112,5809,1
1112,6838,1
1112,3766,1
1112,709,1
1112,3782,1
1112,3781,1
1112,2757,1
1112,2761,1
1112,4809,1
1112,4821,1
1112,2774,1
1112,1768,1
1112,2793,1
1112,1773,1
1112,4846,1
1112,6894,1
1112,754,1
1112,1783,1
1112,5879,1
1112,762,1
1112,3839,1
1112,3840,1
1112,2821,1
1112,4875,1
1112,779,1
1112,781,1
1112,3860,1
1112,4885,1
1112,5919,1
1112,805,1
1112,5929,1
1112,814,1
1112,1845,1
1112,823,1
1112,3899,1
1112,1855,1
1112,4928,1
1112,5956,1
1112,838,1
1112,5959,1
1112,5960,1
1112,2890,1
1112,5967,1
1112,3920,1
1112,4948,1
1112,854,1
1112,4958,1
1112,4961,1
1112,2914,1
1112,7013,1
1112,4966,1
1112,1895,1
1112,7020,1
1112,7021,1
1112,6004,1
1112,885,1
1112,2947,1
1112,7043,1
1112,2955,1
1112,6032,1
1112,6035,1
1112,5027,1
1112,2980,1
1112,6051,1
1112,5028,1
1112,5030,1
1112,7083,1
1112,4013,1
1112,6062,1
1112,7087,1
1112,6079,1
1112,960,1
1112,6083,1
1112,966,1
1112,6091,1
1112,4045,1
1112,975,1
1112,4052,1
1112,3035,1
1112,991,1
1112,3041,1
1112,995,1
1112,5096,1
1112,1003,1
1112,4076,1
1112,1005,1
1112,6131,1
1112,5108,1
1112,4084,1
1112,1014,1
1112,1017,1
1112,1018,1
1112,5115,1
1112,6140,1
1112,1023,1
423,4096,1
423,6159,1
423,4123,1
423,6172,1
423,4129,1
423,4132,1
423,38,1
423,50,1
423,4150,1
423,57,1
423,58,1
423,4153,1
423,6204,1
423,61,1
423,6212,1
423,71,1
423,4172,1
423,77,1
423,86,1
423,88,1
423,4204,1
423,114,1
423,2164,1
423,4213,1
423,2167,1
423,6266,1
423,135,1
423,2188,1
423,6287,1
423,145,1
423,4243,1
423,148,1
423,2200,1
423,2202,1
423,6299,1
423,6300,1
423,158,1
423,6303,1
423,2210,1
423,163,1
423,4264,1
423,6140,1
423,2223,1
423,175,1
423,6326,1
423,4279,1
423,2239,1
423,6337,1
423,196,1
423,197,1
423,4292,1
423,6349,1
423,213,1
423,4309,1
423,223,1
423,4319,1
423,6367,1
423,6371,1
423,4324,1
423,4323,1
423,4330,1
423,4343,1
423,4350,1
423,2310,1
423,6409,1
423,2320,1
423,273,1
423,2331,1
423,2335,1
423,4383,1
423,6434,1
423,6441,1
423,300,1
423,302,1
423,2364,1
423,321,1
423,326,1
423,328,1
423,6475,1
423,6476,1
423,6477,1
423,6478,1
423,336,1
423,4433,1
423,4438,1
423,345,1
423,6490,1
423,4444,1
423,2396,1
423,361,1
423,6507,1
423,4460,1
423,6508,1
423,4469,1
423,4478,1
423,4494,1
423,6545,1
423,6547,1
423,421,1
423,4521,1
423,429,1
423,4527,1
423,438,1
423,4545,1
423,453,1
423,4572,1
423,4575,1
423,483,1
423,485,1
423,6631,1
423,4588,1
423,504,1
423,4600,1
423,510,1
423,518,1
423,4615,1
423,4620,1
423,4625,1
423,537,1
423,4635,1
423,547,1
423,556,1
423,4653,1
423,4658,1
423,4659,1
423,6709,1
423,4663,1
423,4687,1
423,4689,1
423,4699,1
423,4701,1
423,6749,1
423,6756,1
423,4716,1
423,6766,1
423,4724,1
423,6773,1
423,6775,1
423,4733,1
423,6782,1
423,6787,1
423,6788,1
423,6791,1
423,4744,1
423,656,1
423,6803,1
423,667,1
423,668,1
423,4763,1
423,4768,1
423,6821,1
423,4776,1
423,682,1
423,685,1
423,6838,1
423,709,1
423,2757,1
423,2761,1
423,4809,1
423,2764,1
423,4821,1
423,2774,1
423,2793,1
423,4846,1
423,6894,1
423,754,1
423,762,1
423,770,1
423,2821,1
423,4875,1
423,779,1
423,781,1
423,4885,1
423,4891,1
423,805,1
423,814,1
423,823,1
423,4928,1
423,838,1
423,2890,1
423,4948,1
423,854,1
423,4958,1
423,4961,1
423,2914,1
423,7013,1
423,4966,1
423,7020,1
423,7021,1
423,885,1
423,7029,1
423,2947,1
423,7043,1
423,2955,1
423,5027,1
423,2980,1
423,5028,1
423,5030,1
423,7083,1
423,7087,1
423,960,1
423,966,1
423,975,1
423,3035,1
423,991,1
423,3041,1
423,995,1
423,5096,1
423,1003,1
423,1005,1
423,5108,1
423,1014,1
423,1017,1
423,1018,1
423,5115,1
423,1023,1
423,1027,1
423,5125,1
423,1033,1
423,1041,1
423,5147,1
423,5149,1
423,5171,1
423,5173,1
423,3125,1
423,3128,1
423,1081,1
423,5176,1
423,1083,1
423,3133,1
423,5183,1
423,1089,1
423,5188,1
423,5190,1
423,5192,1
423,3148,1
423,5203,1
423,5205,1
423,1111,1
423,3169,1
423,1121,1
423,1125,1
423,1128,1
423,1129,1
423,5228,1
423,1138,1
423,3201,1
423,5285,1
423,1204,1
423,1212,1
423,5328,1
423,5330,1
423,3290,1
423,3308,1
423,1263,1
423,3312,1
423,1266,1
423,3334,1
423,5418,1
423,3370,1
423,5424,1
423,1328,1
423,3377,1
423,3378,1
423,5431,1
423,3386,1
423,5436,1
423,5454,1
423,1361,1
423,1368,1
423,1390,1
423,1395,1
423,3447,1
423,1411,1
423,5519,1
423,1426,1
423,1427,1
423,1429,1
423,1430,1
423,5526,1
423,5527,1
423,5535,1
423,3489,1
423,1458,1
423,5567,1
423,5569,1
423,3526,1
423,3527,1
423,5579,1
423,5582,1
423,1488,1
423,1489,1
423,5588,1
423,3546,1
423,5598,1
423,1504,1
423,5608,1
423,3560,1
423,3562,1
423,3565,1
423,3572,1
423,3596,1
423,3597,1
423,5650,1
423,5653,1
423,5668,1
423,1576,1
423,5676,1
423,3632,1
423,1588,1
423,3636,1
423,1595,1
423,1598,1
423,1608,1
423,1615,1
423,1631,1
423,5735,1
423,1644,1
423,1645,1
423,5743,1
423,5759,1
423,1664,1
423,3717,1
423,3720,1
423,3727,1
423,1679,1
423,1681,1
423,1682,1
423,5800,1
423,5809,1
423,3766,1
423,3781,1
423,3782,1
423,1768,1
423,1773,1
423,1783,1
423,5879,1
423,1786,1
423,3839,1
423,3840,1
423,1794,1
423,3860,1
423,5919,1
423,5929,1
423,1845,1
423,3899,1
423,1855,1
423,5956,1
423,5959,1
423,5960,1
423,5967,1
423,3920,1
423,1895,1
423,5999,1
423,6004,1
423,6005,1
423,6032,1
423,6035,1
423,6051,1
423,4013,1
423,6062,1
423,4021,1
423,6079,1
423,6083,1
423,6086,1
423,6091,1
423,4045,1
423,4052,1
423,4076,1
423,6131,1
423,4084,1
423,4092,1
7017,4096,1
7017,6159,1
7017,4123,1
7017,6172,1
7017,4129,1
7017,4132,1
7017,38,1
7017,50,1
7017,4150,1
7017,57,1
7017,58,1
7017,4153,1
7017,6204,1
7017,61,1
7017,6212,1
7017,71,1
7017,4172,1
7017,77,1
7017,86,1
7017,88,1
7017,4204,1
7017,114,1
7017,2164,1
7017,4213,1
7017,2167,1
7017,6266,1
7017,135,1
7017,2188,1
7017,6287,1
7017,145,1
7017,4243,1
7017,148,1
7017,2200,1
7017,2202,1
7017,6299,1
7017,6300,1
7017,158,1
7017,6303,1
7017,2210,1
7017,163,1
7017,4264,1
7017,6140,1
7017,2223,1
7017,175,1
7017,6326,1
7017,4279,1
7017,2239,1
7017,6337,1
7017,196,1
7017,197,1
7017,4292,1
7017,6349,1
7017,213,1
7017,4309,1
7017,223,1
7017,4319,1
7017,6367,1
7017,6371,1
7017,4324,1
7017,4323,1
7017,4330,1
7017,4343,1
7017,4350,1
7017,2310,1
7017,6409,1
7017,2320,1
7017,273,1
7017,2331,1
7017,2335,1
7017,6434,1
7017,6441,1
7017,300,1
7017,302,1
7017,2364,1
7017,321,1
7017,326,1
7017,328,1
7017,6475,1
7017,6476,1
7017,6477,1
7017,6478,1
7017,336,1
7017,4433,1
7017,4438,1
7017,345,1
7017,6490,1
7017,4444,1
7017,2396,1
7017,361,1
7017,6507,1
7017,4460,1
7017,6508,1
7017,4469,1
7017,4478,1
7017,4494,1
7017,6545,1
7017,6547,1
7017,421,1
7017,4521,1
7017,429,1
7017,4527,1
7017,438,1
7017,4545,1
7017,453,1
7017,4572,1
7017,4575,1
7017,483,1
7017,485,1
7017,6631,1
7017,4588,1
7017,504,1
7017,4600,1
7017,510,1
7017,518,1
7017,4615,1
7017,4620,1
7017,4625,1
7017,537,1
7017,4635,1
7017,547,1
7017,556,1
7017,4653,1
7017,4658,1
7017,4659,1
7017,6709,1
7017,4663,1
7017,4687,1
7017,4689,1
7017,4699,1
7017,4701,1
7017,6749,1
7017,6756,1
7017,4716,1
7017,6766,1
7017,4724,1
7017,6773,1
7017,6775,1
7017,4733,1
7017,6782,1
7017,6787,1
7017,6788,1
7017,6791,1
7017,4744,1
7017,656,1
7017,6803,1
7017,667,1
7017,668,1
7017,4763,1
7017,4768,1
7017,6821,1
7017,4776,1
7017,682,1
7017,685,1
7017,6838,1
7017,709,1
7017,2757,1
7017,2761,1
7017,4809,1
7017,2764,1
7017,4821,1
7017,2774,1
7017,2793,1
7017,4846,1
7017,6894,1
7017,754,1
7017,762,1
7017,770,1
7017,2821,1
7017,4875,1
7017,779,1
7017,781,1
7017,4885,1
7017,4891,1
7017,805,1
7017,814,1
7017,823,1
7017,4928,1
7017,838,1
7017,2890,1
7017,4948,1
7017,854,1
7017,4958,1
7017,4961,1
7017,2914,1
7017,7013,1
7017,4966,1
7017,7020,1
7017,7021,1
7017,885,1
7017,7029,1
7017,2947,1
7017,7043,1
7017,2955,1
7017,5027,1
7017,2980,1
7017,5028,1
7017,5030,1
7017,7083,1
7017,7087,1
7017,960,1
7017,966,1
7017,975,1
7017,3035,1
7017,991,1
7017,3041,1
7017,995,1
7017,5096,1
7017,1003,1
7017,1005,1
7017,5108,1
7017,1014,1
7017,1017,1
7017,1018,1
7017,5115,1
7017,1023,1
7017,1027,1
7017,5125,1
7017,1033,1
7017,1041,1
7017,5147,1
7017,5149,1
7017,5171,1
7017,5173,1
7017,3125,1
7017,3128,1
7017,1081,1
7017,5176,1
7017,1083,1
7017,3133,1
7017,5183,1
7017,1089,1
7017,5188,1
7017,5190,1
7017,5192,1
7017,3148,1
7017,5203,1
7017,5205,1
7017,1111,1
7017,3169,1
7017,1121,1
7017,1125,1
7017,1128,1
7017,1129,1
7017,5228,1
7017,1138,1
7017,3201,1
7017,5285,1
7017,1204,1
7017,1212,1
7017,5328,1
7017,5330,1
7017,3290,1
7017,3308,1
7017,1263,1
7017,3312,1
7017,1266,1
7017,3334,1
7017,5418,1
7017,3370,1
7017,5424,1
7017,1328,1
7017,3377,1
7017,3378,1
7017,5431,1
7017,3386,1
7017,5436,1
7017,5454,1
7017,1361,1
7017,1368,1
7017,1390,1
7017,1395,1
7017,3447,1
7017,1411,1
7017,5519,1
7017,1426,1
7017,1427,1
7017,1429,1
7017,1430,1
7017,5526,1
7017,5527,1
7017,5535,1
7017,3489,1
7017,1458,1
7017,5567,1
7017,5569,1
7017,3526,1
7017,3527,1
7017,5579,1
7017,5582,1
7017,1488,1
7017,1489,1
7017,5588,1
7017,3546,1
7017,5598,1
7017,1504,1
7017,5608,1
7017,3560,1
7017,3562,1
7017,3565,1
7017,3572,1
7017,3596,1
7017,3597,1
7017,5650,1
7017,5653,1
7017,5668,1
7017,1576,1
7017,5676,1
7017,3632,1
7017,1588,1
7017,3636,1
7017,1595,1
7017,1598,1
7017,1608,1
7017,1615,1
7017,1631,1
7017,5735,1
7017,1644,1
7017,1645,1
7017,5743,1
7017,5759,1
7017,1664,1
7017,3717,1
7017,3720,1
7017,3727,1
7017,1679,1
7017,1681,1
7017,1682,1
7017,5800,1
7017,5809,1
7017,3766,1
7017,3781,1
7017,3782,1
7017,1768,1
7017,1773,1
7017,5879,1
7017,1783,1
7017,1786,1
7017,3839,1
7017,3840,1
7017,1794,1
7017,3860,1
7017,5919,1
7017,5929,1
7017,1845,1
7017,3899,1
7017,1855,1
7017,5956,1
7017,5959,1
7017,5960,1
7017,5967,1
7017,3920,1
7017,1895,1
7017,5999,1
7017,6004,1
7017,6032,1
7017,6035,1
7017,6051,1
7017,4013,1
7017,6062,1
7017,4021,1
7017,6079,1
7017,6083,1
7017,6086,1
7017,6091,1
7017,4045,1
7017,4052,1
7017,4076,1
7017,6131,1
7017,4084,1
7017,4092,1
5345,4096,1
5345,1027,1
5345,5125,1
5345,1033,1
5345,1041,1
5345,5147,1
5345,4123,1
5345,6172,1
5345,4129,1
5345,4132,1
5345,38,1
5345,50,1
5345,5171,1
5345,5173,1
5345,4150,1
5345,3128,1
5345,57,1
5345,1081,1
5345,1083,1
5345,58,1
5345,3133,1
5345,61,1
5345,5183,1
5345,5176,1
5345,1089,1
5345,4153,1
5345,6204,1
5345,6212,1
5345,5188,1
5345,5190,1
5345,4172,1
5345,77,1
5345,3148,1
5345,5203,1
5345,5205,1
5345,86,1
5345,1111,1
5345,88,1
5345,1121,1
5345,3169,1
5345,1125,1
5345,1128,1
5345,1129,1
5345,4204,1
5345,5228,1
5345,1138,1
5345,114,1
5345,2164,1
5345,4213,1
5345,6266,1
5345,3201,1
5345,135,1
5345,2188,1
5345,6287,1
5345,145,1
5345,4243,1
5345,148,1
5345,2200,1
5345,2202,1
5345,6299,1
5345,6300,1
5345,158,1
5345,6303,1
5345,2210,1
5345,163,1
5345,5285,1
5345,4264,1
5345,175,1
5345,2223,1
5345,1204,1
5345,6326,1
5345,4279,1
5345,1212,1
5345,6337,1
5345,196,1
5345,197,1
5345,6349,1
5345,5328,1
5345,5330,1
5345,4309,1
5345,213,1
5345,3290,1
5345,6367,1
5345,223,1
5345,4319,1
5345,6371,1
5345,4324,1
5345,4323,1
5345,4330,1
5345,3308,1
5345,1263,1
5345,3312,1
5345,1266,1
5345,4343,1
5345,4350,1
5345,2310,1
5345,6409,1
5345,2320,1
5345,273,1
5345,2331,1
5345,2335,1
5345,6434,1
5345,6441,1
5345,3370,1
5345,300,1
5345,302,1
5345,5424,1
5345,1328,1
5345,3377,1
5345,3378,1
5345,5431,1
5345,3386,1
5345,2364,1
5345,321,1
5345,326,1
5345,328,1
5345,6475,1
5345,6476,1
5345,5454,1
5345,336,1
5345,1361,1
5345,4433,1
5345,4438,1
5345,1368,1
5345,345,1
5345,6490,1
5345,4444,1
5345,2396,1
5345,361,1
5345,6507,1
5345,4460,1
5345,6508,1
5345,1390,1
5345,1395,1
5345,4469,1
5345,3447,1
5345,4478,1
5345,1411,1
5345,4494,1
5345,5519,1
5345,6545,1
5345,1426,1
5345,6547,1
5345,1427,1
5345,1429,1
5345,5526,1
5345,1430,1
5345,5527,1
5345,5535,1
5345,3489,1
5345,421,1
5345,4521,1
5345,429,1
5345,4527,1
5345,1458,1
5345,438,1
5345,5567,1
5345,5569,1
5345,4545,1
5345,453,1
5345,3526,1
5345,3527,1
5345,5579,1
5345,5582,1
5345,1488,1
5345,1489,1
5345,5588,1
5345,3546,1
5345,4572,1
5345,4575,1
5345,483,1
5345,485,1
5345,6631,1
5345,3560,1
5345,5608,1
5345,3562,1
5345,4588,1
5345,3565,1
5345,3572,1
5345,4600,1
5345,504,1
5345,510,1
5345,518,1
5345,4615,1
5345,4620,1
5345,3596,1
5345,3597,1
5345,4625,1
5345,5650,1
5345,5653,1
5345,537,1
5345,4635,1
5345,547,1
5345,5668,1
5345,1576,1
5345,5676,1
5345,4653,1
5345,3632,1
5345,4658,1
5345,4659,1
5345,1588,1
5345,3636,1
5345,6709,1
5345,4663,1
5345,1595,1
5345,1598,1
5345,1608,1
5345,4687,1
5345,4689,1
5345,4699,1
5345,4701,1
5345,6749,1
5345,1631,1
5345,6756,1
5345,5735,1
5345,4716,1
5345,1645,1
5345,6766,1
5345,5743,1
5345,6775,1
5345,4733,1
5345,6782,1
5345,5759,1
5345,1664,1
5345,6787,1
5345,6788,1
5345,3717,1
5345,6791,1
5345,4744,1
5345,3720,1
5345,3727,1
5345,656,1
5345,1679,1
5345,1682,1
5345,6803,1
5345,1681,1
5345,667,1
5345,668,1
5345,4763,1
5345,4768,1
5345,6821,1
5345,5800,1
5345,682,1
5345,685,1
5345,5809,1
5345,3766,1
5345,6838,1
5345,709,1
5345,3781,1
5345,3782,1
5345,2757,1
5345,2761,1
5345,4809,1
5345,4821,1
5345,2774,1
5345,1768,1
5345,2793,1
5345,1773,1
5345,4846,1
5345,6894,1
5345,754,1
5345,1783,1
5345,5879,1
5345,1786,1
5345,762,1
5345,3839,1
5345,3840,1
5345,2821,1
5345,4875,1
5345,779,1
5345,781,1
5345,3860,1
5345,4885,1
5345,5919,1
5345,805,1
5345,5929,1
5345,814,1
5345,1845,1
5345,823,1
5345,3899,1
5345,1855,1
5345,4928,1
5345,5956,1
5345,838,1
5345,5959,1
5345,5960,1
5345,2890,1
5345,5967,1
5345,3920,1
5345,4948,1
5345,854,1
5345,4958,1
5345,4961,1
5345,2914,1
5345,7013,1
5345,4966,1
5345,1895,1
5345,7020,1
5345,7021,1
5345,6004,1
5345,885,1
5345,2947,1
5345,7043,1
5345,2955,1
5345,6032,1
5345,6035,1
5345,5027,1
5345,2980,1
5345,6051,1
5345,5028,1
5345,5030,1
5345,7083,1
5345,4013,1
5345,6062,1
5345,7087,1
5345,4021,1
5345,6079,1
5345,960,1
5345,6083,1
5345,966,1
5345,6091,1
5345,4045,1
5345,975,1
5345,4052,1
5345,3035,1
5345,991,1
5345,3041,1
5345,995,1
5345,5096,1
5345,1003,1
5345,4076,1
5345,1005,1
5345,6131,1
5345,5108,1
5345,4084,1
5345,1014,1
5345,1017,1
5345,1018,1
5345,5115,1
5345,6140,1
5345,1023,1
4930,4096,1
4930,1027,1
4930,5125,1
4930,1033,1
4930,1041,1
4930,4123,1
4930,5147,1
4930,6172,1
4930,4129,1
4930,4132,1
4930,38,1
4930,50,1
4930,5171,1
4930,5173,1
4930,4150,1
4930,3128,1
4930,57,1
4930,1081,1
4930,1083,1
4930,58,1
4930,3133,1
4930,61,1
4930,5183,1
4930,5176,1
4930,1089,1
4930,4153,1
4930,6204,1
4930,6212,1
4930,5188,1
4930,5190,1
4930,4172,1
4930,77,1
4930,3148,1
4930,5203,1
4930,5205,1
4930,86,1
4930,1111,1
4930,88,1
4930,1121,1
4930,3169,1
4930,1125,1
4930,1128,1
4930,1129,1
4930,4204,1
4930,5228,1
4930,1138,1
4930,114,1
4930,2164,1
4930,4213,1
4930,6266,1
4930,3201,1
4930,135,1
4930,2188,1
4930,6287,1
4930,145,1
4930,4243,1
4930,148,1
4930,2200,1
4930,2202,1
4930,6299,1
4930,6300,1
4930,158,1
4930,6303,1
4930,2210,1
4930,163,1
4930,5285,1
4930,4264,1
4930,175,1
4930,2223,1
4930,1204,1
4930,6326,1
4930,4279,1
4930,1212,1
4930,6337,1
4930,196,1
4930,197,1
4930,6349,1
4930,5328,1
4930,5330,1
4930,213,1
4930,4309,1
4930,3290,1
4930,223,1
4930,6367,1
4930,4319,1
4930,6371,1
4930,4324,1
4930,4323,1
4930,4330,1
4930,3308,1
4930,1263,1
4930,3312,1
4930,1266,1
4930,4343,1
4930,4350,1
4930,2310,1
4930,6409,1
4930,2320,1
4930,273,1
4930,2331,1
4930,2335,1
4930,6434,1
4930,6441,1
4930,3370,1
4930,300,1
4930,302,1
4930,5424,1
4930,1328,1
4930,3377,1
4930,3378,1
4930,5431,1
4930,3386,1
4930,2364,1
4930,321,1
4930,326,1
4930,328,1
4930,6475,1
4930,6476,1
4930,5454,1
4930,336,1
4930,4433,1
4930,1361,1
4930,4438,1
4930,1368,1
4930,345,1
4930,6490,1
4930,4444,1
4930,2396,1
4930,361,1
4930,6507,1
4930,4460,1
4930,6508,1
4930,1390,1
4930,1395,1
4930,4469,1
4930,3447,1
4930,4478,1
4930,1411,1
4930,4494,1
4930,5519,1
4930,6545,1
4930,1426,1
4930,6547,1
4930,1427,1
4930,1429,1
4930,5526,1
4930,1430,1
4930,5527,1
4930,5535,1
4930,3489,1
4930,421,1
4930,4521,1
4930,429,1
4930,4527,1
4930,1458,1
4930,438,1
4930,5567,1
4930,5569,1
4930,4545,1
4930,453,1
4930,3526,1
4930,3527,1
4930,5579,1
4930,5582,1
4930,1488,1
4930,1489,1
4930,5588,1
4930,3546,1
4930,4572,1
4930,4575,1
4930,483,1
4930,485,1
4930,6631,1
4930,3560,1
4930,5608,1
4930,3562,1
4930,4588,1
4930,3565,1
4930,3572,1
4930,4600,1
4930,504,1
4930,510,1
4930,518,1
4930,4615,1
4930,3596,1
4930,4620,1
4930,3597,1
4930,4625,1
4930,5650,1
4930,5653,1
4930,537,1
4930,4635,1
4930,547,1
4930,5668,1
4930,1576,1
4930,5676,1
4930,4653,1
4930,3632,1
4930,4658,1
4930,4659,1
4930,1588,1
4930,3636,1
4930,6709,1
4930,4663,1
4930,1595,1
4930,1598,1
4930,1608,1
4930,4687,1
4930,4699,1
4930,4701,1
4930,6749,1
4930,1631,1
4930,6756,1
4930,5735,1
4930,4716,1
4930,1645,1
4930,6766,1
4930,5743,1
4930,6775,1
4930,4733,1
4930,6782,1
4930,5759,1
4930,1664,1
4930,6787,1
4930,6788,1
4930,3717,1
4930,6791,1
4930,4744,1
4930,3720,1
4930,3727,1
4930,1679,1
4930,656,1
4930,1682,1
4930,6803,1
4930,1681,1
4930,667,1
4930,668,1
4930,4763,1
4930,4768,1
4930,6821,1
4930,5800,1
4930,682,1
4930,685,1
4930,5809,1
4930,6838,1
4930,3766,1
4930,709,1
4930,3782,1
4930,3781,1
4930,2757,1
4930,2761,1
4930,4809,1
4930,4821,1
4930,2774,1
4930,1768,1
4930,2793,1
4930,1773,1
4930,4846,1
4930,6894,1
4930,754,1
4930,1783,1
4930,5879,1
4930,762,1
4930,3839,1
4930,3840,1
4930,2821,1
4930,4875,1
4930,779,1
4930,781,1
4930,3860,1
4930,4885,1
4930,5919,1
4930,805,1
4930,5929,1
4930,814,1
4930,1845,1
4930,823,1
4930,3899,1
4930,1855,1
4930,4928,1
4930,5956,1
4930,838,1
4930,5959,1
4930,5960,1
4930,2890,1
4930,5967,1
4930,3920,1
4930,4948,1
4930,854,1
4930,4958,1
4930,4961,1
4930,2914,1
4930,7013,1
4930,4966,1
4930,1895,1
4930,7020,1
4930,7021,1
4930,6004,1
4930,885,1
4930,2947,1
4930,7043,1
4930,2955,1
4930,6032,1
4930,6035,1
4930,5027,1
4930,2980,1
4930,6051,1
4930,5028,1
4930,5030,1
4930,7083,1
4930,4013,1
4930,6062,1
4930,7087,1
4930,4021,1
4930,6079,1
4930,960,1
4930,6083,1
4930,966,1
4930,6091,1
4930,4045,1
4930,975,1
4930,4052,1
4930,3035,1
4930,991,1
4930,3041,1
4930,995,1
4930,5096,1
4930,1003,1
4930,4076,1
4930,1005,1
4930,6131,1
4930,5108,1
4930,4084,1
4930,1014,1
4930,1017,1
4930,1018,1
4930,5115,1
4930,6140,1
4930,1023,1
4702,4096,1
4702,1027,1
4702,5125,1
4702,1033,1
4702,1041,1
4702,4123,1
4702,5147,1
4702,6172,1
4702,4129,1
4702,4132,1
4702,38,1
4702,50,1
4702,5171,1
4702,5173,1
4702,4150,1
4702,3128,1
4702,57,1
4702,1081,1
4702,1083,1
4702,58,1
4702,3133,1
4702,61,1
4702,5183,1
4702,5176,1
4702,1089,1
4702,4153,1
4702,6204,1
4702,6212,1
4702,5188,1
4702,5190,1
4702,4172,1
4702,77,1
4702,3148,1
4702,5203,1
4702,5205,1
4702,86,1
4702,1111,1
4702,88,1
4702,3169,1
4702,1125,1
4702,1128,1
4702,1129,1
4702,4204,1
4702,5228,1
4702,1138,1
4702,114,1
4702,2164,1
4702,4213,1
4702,6266,1
4702,3201,1
4702,135,1
4702,2188,1
4702,6287,1
4702,145,1
4702,4243,1
4702,148,1
4702,2200,1
4702,2202,1
4702,6299,1
4702,6300,1
4702,158,1
4702,6303,1
4702,2210,1
4702,163,1
4702,5285,1
4702,4264,1
4702,175,1
4702,2223,1
4702,1204,1
4702,6326,1
4702,4279,1
4702,1212,1
4702,6337,1
4702,196,1
4702,197,1
4702,6349,1
4702,5328,1
4702,5330,1
4702,213,1
4702,4309,1
4702,3290,1
4702,223,1
4702,6367,1
4702,4319,1
4702,6371,1
4702,4324,1
4702,4323,1
4702,4330,1
4702,3308,1
4702,1263,1
4702,3312,1
4702,1266,1
4702,4343,1
4702,4350,1
4702,2310,1
4702,6409,1
4702,2320,1
4702,273,1
4702,2331,1
4702,2335,1
4702,6434,1
4702,6441,1
4702,3370,1
4702,300,1
4702,302,1
4702,5424,1
4702,1328,1
4702,3377,1
4702,3378,1
4702,5431,1
4702,3386,1
4702,2364,1
4702,321,1
4702,326,1
4702,328,1
4702,6475,1
4702,6476,1
4702,5454,1
4702,336,1
4702,4433,1
4702,1361,1
4702,4438,1
4702,1368,1
4702,345,1
4702,6490,1
4702,4444,1
4702,2396,1
4702,361,1
4702,6507,1
4702,4460,1
4702,6508,1
4702,1390,1
4702,1395,1
4702,4469,1
4702,3447,1
4702,4478,1
4702,1411,1
4702,4494,1
4702,5519,1
4702,6545,1
4702,1426,1
4702,6547,1
4702,1427,1
4702,1429,1
4702,5526,1
4702,1430,1
4702,5527,1
4702,5535,1
4702,3489,1
4702,421,1
4702,4521,1
4702,429,1
4702,4527,1
4702,1458,1
4702,438,1
4702,5567,1
4702,5569,1
4702,4545,1
4702,453,1
4702,3526,1
4702,3527,1
4702,5579,1
4702,5582,1
4702,1488,1
4702,1489,1
4702,5588,1
4702,3546,1
4702,4572,1
4702,4575,1
4702,483,1
4702,485,1
4702,6631,1
4702,3560,1
4702,5608,1
4702,3562,1
4702,4588,1
4702,3565,1
4702,3572,1
4702,4600,1
4702,504,1
4702,510,1
4702,518,1
4702,4615,1
4702,3596,1
4702,4620,1
4702,3597,1
4702,4625,1
4702,5650,1
4702,5653,1
4702,537,1
4702,4635,1
4702,547,1
4702,5668,1
4702,1576,1
4702,5676,1
4702,4653,1
4702,3632,1
4702,4658,1
4702,4659,1
4702,1588,1
4702,3636,1
4702,6709,1
4702,4663,1
4702,1595,1
4702,1598,1
4702,1608,1
4702,4687,1
4702,4699,1
4702,4701,1
4702,6749,1
4702,1631,1
4702,6756,1
4702,5735,1
4702,4716,1
4702,1645,1
4702,6766,1
4702,5743,1
4702,6775,1
4702,4733,1
4702,6782,1
4702,5759,1
4702,1664,1
4702,6787,1
4702,6788,1
4702,3717,1
4702,6791,1
4702,4744,1
4702,3720,1
4702,1679,1
4702,3727,1
4702,656,1
4702,1682,1
4702,6803,1
4702,1681,1
4702,667,1
4702,668,1
4702,4763,1
4702,4768,1
4702,6821,1
4702,5800,1
4702,682,1
4702,685,1
4702,5809,1
4702,6838,1
4702,3766,1
4702,709,1
4702,3782,1
4702,3781,1
4702,2757,1
4702,2761,1
4702,4809,1
4702,4821,1
4702,2774,1
4702,1768,1
4702,2793,1
4702,1773,1
4702,4846,1
4702,6894,1
4702,754,1
4702,1783,1
4702,5879,1
4702,762,1
4702,3839,1
4702,3840,1
4702,2821,1
4702,4875,1
4702,779,1
4702,781,1
4702,3860,1
4702,4885,1
4702,5919,1
4702,805,1
4702,5929,1
4702,814,1
4702,1845,1
4702,823,1
4702,3899,1
4702,1855,1
4702,4928,1
4702,5956,1
4702,838,1
4702,5959,1
4702,5960,1
4702,2890,1
4702,5967,1
4702,3920,1
4702,4948,1
4702,854,1
4702,4958,1
4702,4961,1
4702,2914,1
4702,7013,1
4702,4966,1
4702,1895,1
4702,7020,1
4702,7021,1
4702,6004,1
4702,885,1
4702,2947,1
4702,7043,1
4702,2955,1
4702,6032,1
4702,6035,1
4702,5027,1
4702,2980,1
4702,6051,1
4702,5028,1
4702,5030,1
4702,7083,1
4702,4013,1
4702,6062,1
4702,7087,1
4702,6079,1
4702,960,1
4702,6083,1
4702,966,1
4702,6091,1
4702,4045,1
4702,975,1
4702,4052,1
4702,3035,1
4702,991,1
4702,3041,1
4702,995,1
4702,5096,1
4702,1003,1
4702,4076,1
4702,1005,1
4702,6131,1
4702,5108,1
4702,4084,1
4702,1014,1
4702,1017,1
4702,1018,1
4702,5115,1
4702,6140,1
4702,1023,1
5558,4096,1
5558,6159,1
5558,4123,1
5558,6172,1
5558,4129,1
5558,4132,1
5558,38,1
5558,50,1
5558,4150,1
5558,57,1
5558,58,1
5558,4153,1
5558,6204,1
5558,61,1
5558,6212,1
5558,71,1
5558,4172,1
5558,77,1
5558,86,1
5558,88,1
5558,4204,1
5558,4092,1
5558,114,1
5558,2164,1
5558,4213,1
5558,2167,1
5558,6266,1
5558,135,1
5558,2188,1
5558,6287,1
5558,145,1
5558,4243,1
5558,148,1
5558,2200,1
5558,2202,1
5558,6299,1
5558,6300,1
5558,158,1
5558,6303,1
5558,2210,1
5558,163,1
5558,4264,1
5558,175,1
5558,2223,1
5558,6326,1
5558,4279,1
5558,2239,1
5558,6337,1
5558,196,1
5558,4292,1
5558,197,1
5558,6349,1
5558,4309,1
5558,213,1
5558,6367,1
5558,223,1
5558,4319,1
5558,6371,1
5558,4324,1
5558,4323,1
5558,4330,1
5558,4343,1
5558,4350,1
5558,2310,1
5558,6409,1
5558,2320,1
5558,273,1
5558,2331,1
5558,2335,1
5558,4383,1
5558,6434,1
5558,6441,1
5558,300,1
5558,302,1
5558,2364,1
5558,321,1
5558,326,1
5558,328,1
5558,6475,1
5558,6476,1
5558,6477,1
5558,6478,1
5558,336,1
5558,4433,1
5558,4438,1
5558,345,1
5558,6490,1
5558,4444,1
5558,2396,1
5558,361,1
5558,6507,1
5558,4460,1
5558,6508,1
5558,4469,1
5558,4478,1
5558,4494,1
5558,6545,1
5558,6547,1
5558,421,1
5558,4521,1
5558,429,1
5558,4527,1
5558,438,1
5558,4545,1
5558,453,1
5558,4572,1
5558,4575,1
5558,483,1
5558,485,1
5558,6631,1
5558,4588,1
5558,4600,1
5558,504,1
5558,510,1
5558,518,1
5558,4615,1
5558,4620,1
5558,4625,1
5558,537,1
5558,4635,1
5558,547,1
5558,556,1
5558,4653,1
5558,4658,1
5558,4659,1
5558,6709,1
5558,4663,1
5558,4687,1
5558,4689,1
5558,4699,1
5558,4701,1
5558,6749,1
5558,6756,1
5558,4716,1
5558,6766,1
5558,4724,1
5558,6773,1
5558,6775,1
5558,4733,1
5558,6782,1
5558,6787,1
5558,6788,1
5558,6791,1
5558,4744,1
5558,656,1
5558,6803,1
5558,667,1
5558,668,1
5558,4763,1
5558,4768,1
5558,6821,1
5558,4776,1
5558,682,1
5558,685,1
5558,6838,1
5558,709,1
5558,2757,1
5558,2761,1
5558,4809,1
5558,2764,1
5558,4821,1
5558,2774,1
5558,2793,1
5558,4846,1
5558,6894,1
5558,754,1
5558,762,1
5558,770,1
5558,2821,1
5558,4875,1
5558,779,1
5558,781,1
5558,4885,1
5558,4891,1
5558,805,1
5558,814,1
5558,823,1
5558,4928,1
5558,838,1
5558,2890,1
5558,4948,1
5558,854,1
5558,4958,1
5558,4961,1
5558,2914,1
5558,7013,1
5558,4966,1
5558,7020,1
5558,7021,1
5558,885,1
5558,7029,1
5558,2947,1
5558,7043,1
5558,2955,1
5558,5027,1
5558,2980,1
5558,5028,1
5558,5030,1
5558,7083,1
5558,7087,1
5558,960,1
5558,966,1
5558,975,1
5558,3035,1
5558,991,1
5558,3041,1
5558,995,1
5558,5096,1
5558,1003,1
5558,1005,1
5558,5108,1
5558,1014,1
5558,1017,1
5558,1018,1
5558,5115,1
5558,1023,1
5558,1027,1
5558,5125,1
5558,1033,1
5558,1041,1
5558,5147,1
5558,5149,1
5558,5171,1
5558,3125,1
5558,5173,1
5558,3128,1
5558,5176,1
5558,1081,1
5558,1083,1
5558,3133,1
5558,5183,1
5558,1089,1
5558,5188,1
5558,5190,1
5558,5192,1
5558,3148,1
5558,5203,1
5558,5205,1
5558,1111,1
5558,3169,1
5558,1121,1
5558,1125,1
5558,1128,1
5558,1129,1
5558,5228,1
5558,1138,1
5558,3201,1
5558,5285,1
5558,1204,1
5558,1212,1
5558,5328,1
5558,5330,1
5558,3290,1
5558,3308,1
5558,1263,1
5558,3312,1
5558,1266,1
5558,3334,1
5558,5418,1
5558,3370,1
5558,1328,1
5558,3377,1
5558,3378,1
5558,5424,1
5558,5431,1
5558,3386,1
5558,5436,1
5558,5454,1
5558,1361,1
5558,1368,1
5558,1390,1
5558,1395,1
5558,3447,1
5558,1411,1
5558,5519,1
5558,1426,1
5558,1427,1
5558,1429,1
5558,5526,1
5558,1430,1
5558,5527,1
5558,5535,1
5558,3489,1
5558,1458,1
5558,5567,1
5558,5569,1
5558,3526,1
5558,3527,1
5558,5579,1
5558,5582,1
5558,1488,1
5558,1489,1
5558,5588,1
5558,3546,1
5558,5598,1
5558,1504,1
5558,5608,1
5558,3560,1
5558,3562,1
5558,3565,1
5558,3572,1
5558,3596,1
5558,3597,1
5558,5650,1
5558,5653,1
5558,5668,1
5558,1576,1
5558,5676,1
5558,3632,1
5558,1588,1
5558,3636,1
5558,1595,1
5558,1598,1
5558,1608,1
5558,1615,1
5558,1631,1
5558,5735,1
5558,1644,1
5558,1645,1
5558,5743,1
5558,5759,1
5558,1664,1
5558,3717,1
5558,3720,1
5558,1679,1
5558,3727,1
5558,1681,1
5558,1682,1
5558,5800,1
5558,5809,1
5558,3766,1
5558,3781,1
5558,3782,1
5558,1768,1
5558,1773,1
5558,1783,1
5558,5879,1
5558,1786,1
5558,3839,1
5558,3840,1
5558,1794,1
5558,3860,1
5558,5919,1
5558,5929,1
5558,1845,1
5558,3899,1
5558,1855,1
5558,5956,1
5558,5959,1
5558,5960,1
5558,5967,1
5558,3920,1
5558,1895,1
5558,5999,1
5558,6004,1
5558,6032,1
5558,6035,1
5558,6051,1
5558,4013,1
5558,6062,1
5558,4021,1
5558,6079,1
5558,6083,1
5558,6086,1
5558,6091,1
5558,4045,1
5558,4052,1
5558,4076,1
5558,6131,1
5558,4084,1
5558,6140,1
2837,4096,1
2837,6159,1
2837,4123,1
2837,6172,1
2837,4129,1
2837,4132,1
2837,38,1
2837,50,1
2837,4150,1
2837,57,1
2837,58,1
2837,4153,1
2837,6204,1
2837,61,1
2837,6212,1
2837,71,1
2837,4172,1
2837,77,1
2837,86,1
2837,88,1
2837,4204,1
2837,4092,1
2837,114,1
2837,2164,1
2837,4213,1
2837,2167,1
2837,6266,1
2837,135,1
2837,2188,1
2837,6287,1
2837,145,1
2837,4243,1
2837,148,1
2837,2200,1
2837,2202,1
2837,6299,1
2837,6300,1
2837,158,1
2837,6303,1
2837,2210,1
2837,163,1
2837,4264,1
2837,2223,1
2837,175,1
2837,6326,1
2837,4279,1
2837,2239,1
2837,6337,1
2837,196,1
2837,197,1
2837,4292,1
2837,6349,1
2837,213,1
2837,4309,1
2837,223,1
2837,4319,1
2837,6367,1
2837,6371,1
2837,4324,1
2837,4323,1
2837,4330,1
2837,4343,1
2837,4350,1
2837,2310,1
2837,6409,1
2837,2320,1
2837,273,1
2837,2331,1
2837,2335,1
2837,4383,1
2837,6434,1
2837,6441,1
2837,300,1
2837,302,1
2837,2364,1
2837,321,1
2837,326,1
2837,328,1
2837,6475,1
2837,6476,1
2837,6477,1
2837,6478,1
2837,336,1
2837,4433,1
2837,4438,1
2837,345,1
2837,6490,1
2837,4444,1
2837,2396,1
2837,361,1
2837,6507,1
2837,4460,1
2837,6508,1
2837,4469,1
2837,4478,1
2837,4494,1
2837,6545,1
2837,6547,1
2837,421,1
2837,4521,1
2837,429,1
2837,4527,1
2837,438,1
2837,4545,1
2837,453,1
2837,4572,1
2837,4575,1
2837,483,1
2837,485,1
2837,6631,1
2837,4588,1
2837,504,1
2837,4600,1
2837,510,1
2837,518,1
2837,4615,1
2837,4620,1
2837,4625,1
2837,537,1
2837,4635,1
2837,547,1
2837,556,1
2837,4653,1
2837,4658,1
2837,4659,1
2837,6709,1
2837,4663,1
2837,4687,1
2837,4689,1
2837,4699,1
2837,4701,1
2837,6749,1
2837,6756,1
2837,4716,1
2837,6766,1
2837,4724,1
2837,6773,1
2837,6775,1
2837,4733,1
2837,6782,1
2837,6787,1
2837,6788,1
2837,6791,1
2837,4744,1
2837,656,1
2837,6803,1
2837,667,1
2837,668,1
2837,4763,1
2837,4768,1
2837,6821,1
2837,4776,1
2837,682,1
2837,685,1
2837,6838,1
2837,709,1
2837,2757,1
2837,2761,1
2837,4809,1
2837,2764,1
2837,4821,1
2837,2774,1
2837,2793,1
2837,4846,1
2837,6894,1
2837,754,1
2837,762,1
2837,770,1
2837,2821,1
2837,4875,1
2837,779,1
2837,781,1
2837,4885,1
2837,4891,1
2837,805,1
2837,814,1
2837,823,1
2837,4928,1
2837,838,1
2837,2890,1
2837,4948,1
2837,854,1
2837,4958,1
2837,4961,1
2837,2914,1
2837,7013,1
2837,4966,1
2837,7020,1
2837,7021,1
2837,885,1
2837,7029,1
2837,2947,1
2837,7043,1
2837,2955,1
2837,5027,1
2837,2980,1
2837,5028,1
2837,5030,1
2837,7083,1
2837,7087,1
2837,960,1
2837,966,1
2837,975,1
2837,3035,1
2837,991,1
2837,3041,1
2837,995,1
2837,5096,1
2837,1003,1
2837,1005,1
2837,5108,1
2837,1014,1
2837,1017,1
2837,1018,1
2837,5115,1
2837,1023,1
2837,1027,1
2837,5125,1
2837,1033,1
2837,1041,1
2837,5147,1
2837,5149,1
2837,5171,1
2837,5173,1
2837,3125,1
2837,3128,1
2837,1081,1
2837,5176,1
2837,1083,1
2837,3133,1
2837,5183,1
2837,1089,1
2837,5188,1
2837,5190,1
2837,5192,1
2837,3148,1
2837,5203,1
2837,5205,1
2837,1111,1
2837,3161,1
2837,3169,1
2837,1121,1
2837,1125,1
2837,1128,1
2837,1129,1
2837,5228,1
2837,1138,1
2837,3201,1
2837,5285,1
2837,1204,1
2837,1212,1
2837,5328,1
2837,5330,1
2837,3290,1
2837,3308,1
2837,1263,1
2837,3312,1
2837,1266,1
2837,3334,1
2837,5418,1
2837,3370,1
2837,5424,1
2837,1328,1
2837,3377,1
2837,3378,1
2837,5431,1
2837,3386,1
2837,5436,1
2837,5454,1
2837,1361,1
2837,1368,1
2837,1390,1
2837,1395,1
2837,3447,1
2837,1411,1
2837,5519,1
2837,1426,1
2837,1427,1
2837,1429,1
2837,1430,1
2837,5526,1
2837,5527,1
2837,5535,1
2837,3489,1
2837,1458,1
2837,5567,1
2837,5569,1
2837,3526,1
2837,3527,1
2837,5579,1
2837,5582,1
2837,1488,1
2837,1489,1
2837,5588,1
2837,3546,1
2837,5598,1
2837,1504,1
2837,5608,1
2837,3560,1
2837,3562,1
2837,3565,1
2837,3572,1
2837,3596,1
2837,3597,1
2837,5650,1
2837,5653,1
2837,5668,1
2837,1576,1
2837,5676,1
2837,3632,1
2837,1588,1
2837,3636,1
2837,1595,1
2837,1598,1
2837,1608,1
2837,1615,1
2837,1631,1
2837,5735,1
2837,1644,1
2837,1645,1
2837,5743,1
2837,5759,1
2837,1664,1
2837,3717,1
2837,3720,1
2837,3727,1
2837,1679,1
2837,1681,1
2837,1682,1
2837,5800,1
2837,5809,1
2837,3766,1
2837,3781,1
2837,3782,1
2837,1768,1
2837,1773,1
2837,5879,1
2837,1783,1
2837,1786,1
2837,3839,1
2837,3840,1
2837,1794,1
2837,3860,1
2837,5919,1
2837,5929,1
2837,1845,1
2837,3899,1
2837,1855,1
2837,5956,1
2837,5959,1
2837,5960,1
2837,5967,1
2837,3920,1
2837,1895,1
2837,5999,1
2837,6004,1
2837,6032,1
2837,6035,1
2837,6051,1
2837,4013,1
2837,6062,1
2837,4021,1
2837,6079,1
2837,6083,1
2837,6086,1
2837,6091,1
2837,4045,1
2837,4052,1
2837,4076,1
2837,6131,1
2837,4084,1
2837,6140,1
1069,4096,1
1069,1027,1
1069,5125,1
1069,1033,1
1069,1041,1
1069,5147,1
1069,4123,1
1069,6172,1
1069,4129,1
1069,4132,1
1069,38,1
1069,50,1
1069,5171,1
1069,5173,1
1069,4150,1
1069,3128,1
1069,57,1
1069,1081,1
1069,1083,1
1069,58,1
1069,3133,1
1069,61,1
1069,5183,1
1069,5176,1
1069,1089,1
1069,4153,1
1069,6204,1
1069,6212,1
1069,5188,1
1069,5190,1
1069,4172,1
1069,77,1
1069,3148,1
1069,5203,1
1069,5205,1
1069,86,1
1069,1111,1
1069,88,1
1069,1121,1
1069,3169,1
1069,1125,1
1069,1128,1
1069,1129,1
1069,4204,1
1069,5228,1
1069,1138,1
1069,114,1
1069,2164,1
1069,4213,1
1069,6266,1
1069,3201,1
1069,135,1
1069,2188,1
1069,6287,1
1069,145,1
1069,4243,1
1069,148,1
1069,2200,1
1069,2202,1
1069,6299,1
1069,6300,1
1069,158,1
1069,6303,1
1069,2210,1
1069,163,1
1069,5285,1
1069,4264,1
1069,175,1
1069,2223,1
1069,1204,1
1069,6326,1
1069,4279,1
1069,1212,1
1069,6337,1
1069,196,1
1069,197,1
1069,6349,1
1069,5328,1
1069,5330,1
1069,4309,1
1069,213,1
1069,3290,1
1069,6367,1
1069,223,1
1069,4319,1
1069,6371,1
1069,4324,1
1069,4323,1
1069,4330,1
1069,3308,1
1069,1263,1
1069,3312,1
1069,1266,1
1069,4343,1
1069,4350,1
1069,2310,1
1069,6409,1
1069,2320,1
1069,273,1
1069,2331,1
1069,2335,1
1069,6434,1
1069,6441,1
1069,3370,1
1069,300,1
1069,302,1
1069,5424,1
1069,1328,1
1069,3377,1
1069,3378,1
1069,5431,1
1069,3386,1
1069,2364,1
1069,321,1
1069,326,1
1069,328,1
1069,6475,1
1069,6476,1
1069,5454,1
1069,336,1
1069,1361,1
1069,4433,1
1069,4438,1
1069,1368,1
1069,345,1
1069,6490,1
1069,4444,1
1069,2396,1
1069,361,1
1069,6507,1
1069,4460,1
1069,6508,1
1069,1390,1
1069,1395,1
1069,4469,1
1069,3447,1
1069,4478,1
1069,1411,1
1069,4494,1
1069,5519,1
1069,6545,1
1069,1426,1
1069,6547,1
1069,1427,1
1069,1429,1
1069,5526,1
1069,1430,1
1069,5527,1
1069,5535,1
1069,3489,1
1069,421,1
1069,4521,1
1069,429,1
1069,4527,1
1069,1458,1
1069,438,1
1069,5567,1
1069,5569,1
1069,4545,1
1069,453,1
1069,3526,1
1069,3527,1
1069,5579,1
1069,5582,1
1069,1488,1
1069,1489,1
1069,5588,1
1069,3546,1
1069,4572,1
1069,4575,1
1069,483,1
1069,485,1
1069,6631,1
1069,3560,1
1069,5608,1
1069,3562,1
1069,4588,1
1069,3565,1
1069,3572,1
1069,4600,1
1069,504,1
1069,510,1
1069,518,1
1069,4615,1
1069,4620,1
1069,3596,1
1069,3597,1
1069,4625,1
1069,5650,1
1069,5653,1
1069,537,1
1069,4635,1
1069,547,1
1069,5668,1
1069,1576,1
1069,5676,1
1069,4653,1
1069,3632,1
1069,4658,1
1069,4659,1
1069,1588,1
1069,3636,1
1069,6709,1
1069,4663,1
1069,1595,1
1069,1598,1
1069,1608,1
1069,4687,1
1069,4689,1
1069,4699,1
1069,4701,1
1069,6749,1
1069,1631,1
1069,6756,1
1069,5735,1
1069,4716,1
1069,1645,1
1069,6766,1
1069,5743,1
1069,6775,1
1069,4733,1
1069,6782,1
1069,5759,1
1069,1664,1
1069,6787,1
1069,6788,1
1069,3717,1
1069,6791,1
1069,4744,1
1069,3720,1
1069,3727,1
1069,656,1
1069,1679,1
1069,1682,1
1069,6803,1
1069,1681,1
1069,667,1
1069,668,1
1069,4763,1
1069,4768,1
1069,6821,1
1069,5800,1
1069,682,1
1069,685,1
1069,5809,1
1069,3766,1
1069,6838,1
1069,709,1
1069,3781,1
1069,3782,1
1069,2757,1
1069,2761,1
1069,4809,1
1069,4821,1
1069,2774,1
1069,1768,1
1069,2793,1
1069,1773,1
1069,4846,1
1069,6894,1
1069,754,1
1069,1783,1
1069,5879,1
1069,1786,1
1069,762,1
1069,3839,1
1069,3840,1
1069,2821,1
1069,4875,1
1069,779,1
1069,781,1
1069,3860,1
1069,4885,1
1069,5919,1
1069,805,1
1069,5929,1
1069,814,1
1069,1845,1
1069,823,1
1069,3899,1
1069,1855,1
1069,4928,1
1069,5956,1
1069,838,1
1069,5959,1
1069,5960,1
1069,2890,1
1069,5967,1
1069,3920,1
1069,4948,1
1069,854,1
1069,4958,1
1069,4961,1
1069,2914,1
1069,7013,1
1069,4966,1
1069,1895,1
1069,7020,1
1069,7021,1
1069,6004,1
1069,885,1
1069,2947,1
1069,7043,1
1069,2955,1
1069,6032,1
1069,6035,1
1069,5027,1
1069,2980,1
1069,6051,1
1069,5028,1
1069,5030,1
1069,7083,1
1069,4013,1
1069,6062,1
1069,7087,1
1069,4021,1
1069,6079,1
1069,960,1
1069,6083,1
1069,966,1
1069,6091,1
1069,4045,1
1069,975,1
1069,4052,1
1069,3035,1
1069,991,1
1069,3041,1
1069,995,1
1069,5096,1
1069,1003,1
1069,4076,1
1069,1005,1
1069,6131,1
1069,5108,1
1069,4084,1
1069,1014,1
1069,1017,1
1069,1018,1
1069,5115,1
1069,6140,1
1069,1023,1
519,4096,1
519,1027,1
519,5125,1
519,1033,1
519,1041,1
519,4123,1
519,5147,1
519,6172,1
519,4129,1
519,4132,1
519,38,1
519,50,1
519,5171,1
519,5173,1
519,4150,1
519,3128,1
519,57,1
519,1081,1
519,1083,1
519,58,1
519,3133,1
519,61,1
519,5183,1
519,5176,1
519,1089,1
519,4153,1
519,6204,1
519,6212,1
519,5188,1
519,5190,1
519,4172,1
519,77,1
519,3148,1
519,5203,1
519,5205,1
519,86,1
519,1111,1
519,88,1
519,3169,1
519,1125,1
519,1128,1
519,1129,1
519,4204,1
519,5228,1
519,1138,1
519,114,1
519,2164,1
519,4213,1
519,6266,1
519,3201,1
519,135,1
519,2188,1
519,6287,1
519,145,1
519,4243,1
519,148,1
519,2200,1
519,2202,1
519,6299,1
519,6300,1
519,158,1
519,6303,1
519,2210,1
519,163,1
519,5285,1
519,4264,1
519,175,1
519,2223,1
519,1204,1
519,6326,1
519,4279,1
519,1212,1
519,6337,1
519,196,1
519,197,1
519,6349,1
519,5328,1
519,5330,1
519,213,1
519,4309,1
519,3290,1
519,223,1
519,6367,1
519,4319,1
519,6371,1
519,4324,1
519,4323,1
519,4330,1
519,3308,1
519,1263,1
519,3312,1
519,1266,1
519,4343,1
519,4350,1
519,2310,1
519,6409,1
519,2320,1
519,273,1
519,2331,1
519,2335,1
519,6434,1
519,6441,1
519,3370,1
519,300,1
519,302,1
519,5424,1
519,1328,1
519,3377,1
519,3378,1
519,5431,1
519,3386,1
519,2364,1
519,321,1
519,326,1
519,328,1
519,6475,1
519,6476,1
519,5454,1
519,336,1
519,4433,1
519,1361,1
519,4438,1
519,1368,1
519,345,1
519,6490,1
519,4444,1
519,2396,1
519,361,1
519,6507,1
519,4460,1
519,6508,1
519,1390,1
519,1395,1
519,4469,1
519,3447,1
519,4478,1
519,1411,1
519,4494,1
519,5519,1
519,6545,1
519,1426,1
519,6547,1
519,1427,1
519,1429,1
519,5526,1
519,1430,1
519,5527,1
519,5535,1
519,3489,1
519,421,1
519,4521,1
519,429,1
519,4527,1
519,1458,1
519,438,1
519,5567,1
519,5569,1
519,4545,1
519,453,1
519,3526,1
519,3527,1
519,5579,1
519,5582,1
519,1488,1
519,1489,1
519,5588,1
519,3546,1
519,4572,1
519,4575,1
519,483,1
519,485,1
519,6631,1
519,3560,1
519,5608,1
519,3562,1
519,4588,1
519,3565,1
519,3572,1
519,4600,1
519,504,1
519,510,1
519,518,1
519,4615,1
519,3596,1
519,4620,1
519,3597,1
519,4625,1
519,5650,1
519,5653,1
519,537,1
519,4635,1
519,547,1
519,5668,1
519,1576,1
519,5676,1
519,4653,1
519,3632,1
519,4658,1
519,4659,1
519,1588,1
519,3636,1
519,6709,1
519,4663,1
519,1595,1
519,1598,1
519,1608,1
519,4687,1
519,4699,1
519,4701,1
519,6749,1
519,1631,1
519,6756,1
519,5735,1
519,4716,1
519,1645,1
519,6766,1
519,5743,1
519,6775,1
519,4733,1
519,6782,1
519,5759,1
519,1664,1
519,6787,1
519,6788,1
519,3717,1
519,6791,1
519,4744,1
519,3720,1
519,1679,1
519,3727,1
519,656,1
519,1682,1
519,6803,1
519,1681,1
519,667,1
519,668,1
519,4763,1
519,4768,1
519,6821,1
519,5800,1
519,682,1
519,685,1
519,5809,1
519,6838,1
519,3766,1
519,709,1
519,3782,1
519,3781,1
519,2757,1
519,2761,1
519,4809,1
519,4821,1
519,2774,1
519,1768,1
519,2793,1
519,1773,1
519,4846,1
519,6894,1
519,754,1
519,1783,1
519,5879,1
519,762,1
519,3839,1
519,3840,1
519,2821,1
519,4875,1
519,779,1
519,781,1
519,3860,1
519,4885,1
519,5919,1
519,805,1
519,5929,1
519,814,1
519,1845,1
519,823,1
519,3899,1
519,1855,1
519,4928,1
519,5956,1
519,838,1
519,5959,1
519,5960,1
519,2890,1
519,5967,1
519,3920,1
519,4948,1
519,854,1
519,4958,1
519,4961,1
519,2914,1
519,7013,1
519,4966,1
519,1895,1
519,7020,1
519,7021,1
519,6004,1
519,885,1
519,2947,1
519,7043,1
519,2955,1
519,6032,1
519,6035,1
519,5027,1
519,2980,1
519,6051,1
519,5028,1
519,5030,1
519,7083,1
519,4013,1
519,6062,1
519,7087,1
519,6079,1
519,960,1
519,6083,1
519,966,1
519,6091,1
519,4045,1
519,975,1
519,4052,1
519,3035,1
519,991,1
519,3041,1
519,995,1
519,5096,1
519,1003,1
519,4076,1
519,1005,1
519,6131,1
519,5108,1
519,4084,1
519,1014,1
519,1017,1
519,1018,1
519,5115,1
519,6140,1
519,1023,1
662,4096,1
662,1027,1
662,5125,1
662,1033,1
662,1041,1
662,4123,1
662,5147,1
662,6172,1
662,4129,1
662,4132,1
662,38,1
662,50,1
662,5171,1
662,5173,1
662,4150,1
662,3128,1
662,57,1
662,1081,1
662,1083,1
662,58,1
662,3133,1
662,61,1
662,5183,1
662,5176,1
662,1089,1
662,4153,1
662,6204,1
662,6212,1
662,5188,1
662,5190,1
662,4172,1
662,77,1
662,3148,1
662,5203,1
662,5205,1
662,86,1
662,1111,1
662,88,1
662,3169,1
662,1125,1
662,1128,1
662,1129,1
662,4204,1
662,5228,1
662,1138,1
662,114,1
662,2164,1
662,4213,1
662,6266,1
662,3201,1
662,135,1
662,2188,1
662,6287,1
662,145,1
662,4243,1
662,148,1
662,2200,1
662,2202,1
662,6299,1
662,6300,1
662,158,1
662,6303,1
662,2210,1
662,163,1
662,5285,1
662,4264,1
662,175,1
662,2223,1
662,1204,1
662,6326,1
662,4279,1
662,1212,1
662,6337,1
662,196,1
662,197,1
662,6349,1
662,5328,1
662,5330,1
662,213,1
662,4309,1
662,3290,1
662,223,1
662,6367,1
662,4319,1
662,6371,1
662,4324,1
662,4323,1
662,4330,1
662,3308,1
662,1263,1
662,3312,1
662,1266,1
662,4343,1
662,4350,1
662,2310,1
662,6409,1
662,2320,1
662,273,1
662,2331,1
662,2335,1
662,6434,1
662,6441,1
662,3370,1
662,300,1
662,302,1
662,5424,1
662,1328,1
662,3377,1
662,3378,1
662,5431,1
662,3386,1
662,2364,1
662,321,1
662,326,1
662,328,1
662,6475,1
662,6476,1
662,5454,1
662,336,1
662,4433,1
662,1361,1
662,4438,1
662,1368,1
662,345,1
662,6490,1
662,4444,1
662,2396,1
662,361,1
662,6507,1
662,4460,1
662,6508,1
662,1390,1
662,1395,1
662,4469,1
662,3447,1
662,4478,1
662,1411,1
662,4494,1
662,5519,1
662,6545,1
662,1426,1
662,6547,1
662,1427,1
662,1429,1
662,5526,1
662,1430,1
662,5527,1
662,5535,1
662,3489,1
662,421,1
662,4521,1
662,429,1
662,4527,1
662,1458,1
662,438,1
662,5567,1
662,5569,1
662,4545,1
662,453,1
662,3526,1
662,3527,1
662,5579,1
662,5582,1
662,1488,1
662,1489,1
662,5588,1
662,3546,1
662,4572,1
662,4575,1
662,483,1
662,485,1
662,6631,1
662,3560,1
662,5608,1
662,3562,1
662,4588,1
662,3565,1
662,3572,1
662,4600,1
662,504,1
662,510,1
662,518,1
662,4615,1
662,3596,1
662,4620,1
662,3597,1
662,4625,1
662,5650,1
662,5653,1
662,537,1
662,4635,1
662,547,1
662,5668,1
662,1576,1
662,5676,1
662,4653,1
662,3632,1
662,4658,1
662,4659,1
662,1588,1
662,3636,1
662,6709,1
662,4663,1
662,1595,1
662,1598,1
662,1608,1
662,4687,1
662,4699,1
662,4701,1
662,6749,1
662,1631,1
662,6756,1
662,5735,1
662,4716,1
662,1645,1
662,6766,1
662,5743,1
662,6775,1
662,4733,1
662,6782,1
662,5759,1
662,1664,1
662,6787,1
662,6788,1
662,3717,1
662,6791,1
662,4744,1
662,3720,1
662,1679,1
662,3727,1
662,656,1
662,1682,1
662,6803,1
662,1681,1
662,667,1
662,668,1
662,4763,1
662,4768,1
662,6821,1
662,5800,1
662,682,1
662,685,1
662,5809,1
662,6838,1
662,3766,1
662,709,1
662,3782,1
662,3781,1
662,2757,1
662,2761,1
662,4809,1
662,4821,1
662,2774,1
662,1768,1
662,2793,1
662,1773,1
662,4846,1
662,6894,1
662,754,1
662,1783,1
662,5879,1
662,762,1
662,3839,1
662,3840,1
662,2821,1
662,4875,1
662,779,1
662,781,1
662,3860,1
662,4885,1
662,5919,1
662,805,1
662,5929,1
662,814,1
662,1845,1
662,823,1
662,3899,1
662,1855,1
662,4928,1
662,5956,1
662,838,1
662,5959,1
662,5960,1
662,2890,1
662,5967,1
662,3920,1
662,4948,1
662,854,1
662,4958,1
662,4961,1
662,2914,1
662,7013,1
662,4966,1
662,1895,1
662,7020,1
662,7021,1
662,6004,1
662,885,1
662,2947,1
662,7043,1
662,2955,1
662,6032,1
662,6035,1
662,5027,1
662,2980,1
662,6051,1
662,5028,1
662,5030,1
662,7083,1
662,4013,1
662,6062,1
662,7087,1
662,6079,1
662,960,1
662,6083,1
662,966,1
662,6091,1
662,4045,1
662,975,1
662,4052,1
662,3035,1
662,991,1
662,3041,1
662,995,1
662,5096,1
662,1003,1
662,4076,1
662,1005,1
662,6131,1
662,5108,1
662,4084,1
662,1014,1
662,1017,1
662,1018,1
662,5115,1
662,6140,1
662,1023,1
5534,4096,1
5534,1027,1
5534,5125,1
5534,1033,1
5534,1041,1
5534,5147,1
5534,4123,1
5534,6172,1
5534,4129,1
5534,4132,1
5534,38,1
5534,50,1
5534,5171,1
5534,5173,1
5534,4150,1
5534,3128,1
5534,57,1
5534,1081,1
5534,1083,1
5534,58,1
5534,3133,1
5534,61,1
5534,5183,1
5534,5176,1
5534,1089,1
5534,4153,1
5534,6204,1
5534,6212,1
5534,5188,1
5534,5190,1
5534,4172,1
5534,77,1
5534,3148,1
5534,5203,1
5534,5205,1
5534,86,1
5534,1111,1
5534,88,1
5534,1121,1
5534,3169,1
5534,1125,1
5534,1128,1
5534,1129,1
5534,4204,1
5534,5228,1
5534,1138,1
5534,114,1
5534,2164,1
5534,4213,1
5534,6266,1
5534,3201,1
5534,135,1
5534,2188,1
5534,6287,1
5534,145,1
5534,4243,1
5534,148,1
5534,2200,1
5534,2202,1
5534,6299,1
5534,6300,1
5534,158,1
5534,6303,1
5534,2210,1
5534,163,1
5534,5285,1
5534,4264,1
5534,175,1
5534,2223,1
5534,1204,1
5534,6326,1
5534,4279,1
5534,1212,1
5534,6337,1
5534,196,1
5534,197,1
5534,6349,1
5534,5328,1
5534,5330,1
5534,4309,1
5534,213,1
5534,3290,1
5534,6367,1
5534,223,1
5534,4319,1
5534,6371,1
5534,4324,1
5534,4323,1
5534,4330,1
5534,3308,1
5534,1263,1
5534,3312,1
5534,1266,1
5534,4343,1
5534,4350,1
5534,2310,1
5534,6409,1
5534,2320,1
5534,273,1
5534,2331,1
5534,2335,1
5534,6434,1
5534,6441,1
5534,3370,1
5534,300,1
5534,302,1
5534,5424,1
5534,1328,1
5534,3377,1
5534,3378,1
5534,5431,1
5534,3386,1
5534,2364,1
5534,321,1
5534,326,1
5534,328,1
5534,6475,1
5534,6476,1
5534,5454,1
5534,336,1
5534,1361,1
5534,4433,1
5534,4438,1
5534,1368,1
5534,345,1
5534,6490,1
5534,4444,1
5534,2396,1
5534,361,1
5534,6507,1
5534,4460,1
5534,6508,1
5534,1390,1
5534,1395,1
5534,4469,1
5534,3447,1
5534,4478,1
5534,1411,1
5534,4494,1
5534,5519,1
5534,6545,1
5534,1426,1
5534,6547,1
5534,1427,1
5534,1429,1
5534,5526,1
5534,1430,1
5534,5527,1
5534,5535,1
5534,3489,1
5534,421,1
5534,4521,1
5534,429,1
5534,4527,1
5534,1458,1
5534,438,1
5534,5567,1
5534,5569,1
5534,4545,1
5534,453,1
5534,3526,1
5534,3527,1
5534,5579,1
5534,5582,1
5534,1488,1
5534,1489,1
5534,5588,1
5534,3546,1
5534,4572,1
5534,4575,1
5534,483,1
5534,485,1
5534,6631,1
5534,3560,1
5534,5608,1
5534,3562,1
5534,4588,1
5534,3565,1
5534,3572,1
5534,4600,1
5534,504,1
5534,510,1
5534,518,1
5534,4615,1
5534,4620,1
5534,3596,1
5534,3597,1
5534,4625,1
5534,5650,1
5534,5653,1
5534,537,1
5534,4635,1
5534,547,1
5534,5668,1
5534,1576,1
5534,5676,1
5534,4653,1
5534,3632,1
5534,4658,1
5534,4659,1
5534,1588,1
5534,3636,1
5534,6709,1
5534,4663,1
5534,1595,1
5534,1598,1
5534,1608,1
5534,4687,1
5534,4689,1
5534,4699,1
5534,4701,1
5534,6749,1
5534,1631,1
5534,6756,1
5534,5735,1
5534,4716,1
5534,1645,1
5534,6766,1
5534,5743,1
5534,6775,1
5534,4733,1
5534,6782,1
5534,5759,1
5534,1664,1
5534,6787,1
5534,6788,1
5534,3717,1
5534,6791,1
5534,4744,1
5534,3720,1
5534,3727,1
5534,656,1
5534,1679,1
5534,1682,1
5534,6803,1
5534,1681,1
5534,667,1
5534,668,1
5534,4763,1
5534,4768,1
5534,6821,1
5534,5800,1
5534,682,1
5534,685,1
5534,5809,1
5534,3766,1
5534,6838,1
5534,709,1
5534,3781,1
5534,3782,1
5534,2757,1
5534,2761,1
5534,4809,1
5534,4821,1
5534,2774,1
5534,1768,1
5534,2793,1
5534,1773,1
5534,4846,1
5534,6894,1
5534,754,1
5534,1783,1
5534,5879,1
5534,1786,1
5534,762,1
5534,3839,1
5534,3840,1
5534,2821,1
5534,4875,1
5534,779,1
5534,781,1
5534,3860,1
5534,4885,1
5534,5919,1
5534,805,1
5534,5929,1
5534,814,1
5534,1845,1
5534,823,1
5534,3899,1
5534,1855,1
5534,4928,1
5534,5956,1
5534,838,1
5534,5959,1
5534,5960,1
5534,2890,1
5534,5967,1
5534,3920,1
5534,4948,1
5534,854,1
5534,4958,1
5534,4961,1
5534,2914,1
5534,7013,1
5534,4966,1
5534,1895,1
5534,7020,1
5534,7021,1
5534,6004,1
5534,885,1
5534,2947,1
5534,7043,1
5534,2955,1
5534,6032,1
5534,6035,1
5534,5027,1
5534,2980,1
5534,6051,1
5534,5028,1
5534,5030,1
5534,7083,1
5534,4013,1
5534,6062,1
5534,7087,1
5534,4021,1
5534,6079,1
5534,960,1
5534,6083,1
5534,966,1
5534,6091,1
5534,4045,1
5534,975,1
5534,4052,1
5534,3035,1
5534,991,1
5534,3041,1
5534,995,1
5534,5096,1
5534,1003,1
5534,4076,1
5534,1005,1
5534,6131,1
5534,5108,1
5534,4084,1
5534,1014,1
5534,1017,1
5534,1018,1
5534,5115,1
5534,6140,1
5534,1023,1
6918,4096,1
6918,1027,1
6918,5125,1
6918,1033,1
6918,1041,1
6918,5147,1
6918,4123,1
6918,6172,1
6918,4129,1
6918,4132,1
6918,38,1
6918,50,1
6918,5171,1
6918,5173,1
6918,4150,1
6918,3128,1
6918,57,1
6918,1081,1
6918,1083,1
6918,58,1
6918,3133,1
6918,61,1
6918,5183,1
6918,5176,1
6918,1089,1
6918,4153,1
6918,6204,1
6918,6212,1
6918,5188,1
6918,5190,1
6918,4172,1
6918,77,1
6918,3148,1
6918,5203,1
6918,5205,1
6918,86,1
6918,1111,1
6918,88,1
6918,1121,1
6918,3169,1
6918,1125,1
6918,1128,1
6918,1129,1
6918,4204,1
6918,5228,1
6918,1138,1
6918,114,1
6918,2164,1
6918,4213,1
6918,6266,1
6918,3201,1
6918,135,1
6918,2188,1
6918,6287,1
6918,145,1
6918,4243,1
6918,148,1
6918,2200,1
6918,2202,1
6918,6299,1
6918,6300,1
6918,158,1
6918,6303,1
6918,2210,1
6918,163,1
6918,5285,1
6918,4264,1
6918,175,1
6918,2223,1
6918,1204,1
6918,6326,1
6918,4279,1
6918,1212,1
6918,6337,1
6918,196,1
6918,197,1
6918,6349,1
6918,5328,1
6918,5330,1
6918,4309,1
6918,213,1
6918,3290,1
6918,6367,1
6918,223,1
6918,4319,1
6918,6371,1
6918,4324,1
6918,4323,1
6918,4330,1
6918,3308,1
6918,1263,1
6918,3312,1
6918,1266,1
6918,4343,1
6918,4350,1
6918,2310,1
6918,6409,1
6918,2320,1
6918,273,1
6918,2331,1
6918,2335,1
6918,4383,1
6918,6434,1
6918,6441,1
6918,3370,1
6918,300,1
6918,302,1
6918,5424,1
6918,1328,1
6918,3377,1
6918,3378,1
6918,5431,1
6918,3386,1
6918,2364,1
6918,321,1
6918,326,1
6918,328,1
6918,6475,1
6918,6476,1
6918,5454,1
6918,336,1
6918,1361,1
6918,4433,1
6918,4438,1
6918,1368,1
6918,345,1
6918,6490,1
6918,4444,1
6918,2396,1
6918,361,1
6918,6507,1
6918,4460,1
6918,6508,1
6918,1390,1
6918,1395,1
6918,4469,1
6918,3447,1
6918,4478,1
6918,1411,1
6918,4494,1
6918,5519,1
6918,6545,1
6918,1426,1
6918,6547,1
6918,1427,1
6918,1429,1
6918,5526,1
6918,1430,1
6918,5527,1
6918,5535,1
6918,3489,1
6918,3492,1
6918,421,1
6918,4521,1
6918,429,1
6918,4527,1
6918,1458,1
6918,438,1
6918,5567,1
6918,5569,1
6918,4545,1
6918,453,1
6918,3526,1
6918,3527,1
6918,5579,1
6918,5582,1
6918,1488,1
6918,1489,1
6918,5588,1
6918,3546,1
6918,4572,1
6918,4575,1
6918,483,1
6918,485,1
6918,6631,1
6918,3560,1
6918,5608,1
6918,3562,1
6918,4588,1
6918,3565,1
6918,3572,1
6918,4600,1
6918,504,1
6918,510,1
6918,518,1
6918,4615,1
6918,4620,1
6918,3596,1
6918,3597,1
6918,4625,1
6918,5650,1
6918,5653,1
6918,537,1
6918,4635,1
6918,547,1
6918,5668,1
6918,1576,1
6918,5676,1
6918,4653,1
6918,3632,1
6918,4658,1
6918,4659,1
6918,1588,1
6918,3636,1
6918,6709,1
6918,4663,1
6918,1595,1
6918,1598,1
6918,1608,1
6918,4687,1
6918,4689,1
6918,4699,1
6918,4701,1
6918,6749,1
6918,1631,1
6918,6756,1
6918,5735,1
6918,4716,1
6918,1645,1
6918,6766,1
6918,5743,1
6918,6775,1
6918,4733,1
6918,6782,1
6918,5759,1
6918,1664,1
6918,6787,1
6918,6788,1
6918,3717,1
6918,6791,1
6918,4744,1
6918,3720,1
6918,3727,1
6918,656,1
6918,1679,1
6918,1682,1
6918,6803,1
6918,1681,1
6918,667,1
6918,668,1
6918,4763,1
6918,4768,1
6918,6821,1
6918,5800,1
6918,682,1
6918,685,1
6918,5809,1
6918,3766,1
6918,6838,1
6918,709,1
6918,3781,1
6918,3782,1
6918,2757,1
6918,2761,1
6918,4809,1
6918,4821,1
6918,2774,1
6918,1768,1
6918,2793,1
6918,1773,1
6918,4846,1
6918,6894,1
6918,754,1
6918,1783,1
6918,5879,1
6918,1786,1
6918,762,1
6918,3839,1
6918,3840,1
6918,2821,1
6918,4875,1
6918,779,1
6918,781,1
6918,3860,1
6918,4885,1
6918,5919,1
6918,805,1
6918,5929,1
6918,814,1
6918,1845,1
6918,823,1
6918,3899,1
6918,1855,1
6918,4928,1
6918,5956,1
6918,838,1
6918,5959,1
6918,5960,1
6918,2890,1
6918,5967,1
6918,3920,1
6918,4948,1
6918,854,1
6918,4958,1
6918,4961,1
6918,2914,1
6918,7013,1
6918,4966,1
6918,1895,1
6918,7020,1
6918,7021,1
6918,6004,1
6918,885,1
6918,2947,1
6918,7043,1
6918,2955,1
6918,6032,1
6918,6035,1
6918,5027,1
6918,2980,1
6918,6051,1
6918,5028,1
6918,5030,1
6918,7083,1
6918,4013,1
6918,6062,1
6918,7087,1
6918,4021,1
6918,6079,1
6918,960,1
6918,6083,1
6918,966,1
6918,6091,1
6918,4045,1
6918,975,1
6918,4052,1
6918,3035,1
6918,991,1
6918,3041,1
6918,995,1
6918,5096,1
6918,1003,1
6918,4076,1
6918,1005,1
6918,6131,1
6918,5108,1
6918,4084,1
6918,1014,1
6918,1017,1
6918,1018,1
6918,5115,1
6918,6140,1
6918,1023,1
5587,4096,1
5587,6159,1
5587,4123,1
5587,6172,1
5587,4129,1
5587,4132,1
5587,38,1
5587,50,1
5587,4150,1
5587,57,1
5587,58,1
5587,4153,1
5587,6204,1
5587,61,1
5587,6212,1
5587,71,1
5587,4172,1
5587,77,1
5587,86,1
5587,88,1
5587,4204,1
5587,114,1
5587,2164,1
5587,4213,1
5587,2167,1
5587,6266,1
5587,135,1
5587,2188,1
5587,6287,1
5587,145,1
5587,4243,1
5587,148,1
5587,2200,1
5587,2202,1
5587,6299,1
5587,6300,1
5587,158,1
5587,6303,1
5587,2210,1
5587,163,1
5587,4264,1
5587,6140,1
5587,175,1
5587,2223,1
5587,6326,1
5587,4279,1
5587,2239,1
5587,196,1
5587,197,1
5587,4292,1
5587,6349,1
5587,4309,1
5587,213,1
5587,6367,1
5587,223,1
5587,4319,1
5587,6371,1
5587,4324,1
5587,4323,1
5587,4330,1
5587,4343,1
5587,4350,1
5587,2310,1
5587,6409,1
5587,2320,1
5587,273,1
5587,2331,1
5587,2335,1
5587,6434,1
5587,6441,1
5587,300,1
5587,302,1
5587,2364,1
5587,321,1
5587,326,1
5587,328,1
5587,6475,1
5587,6476,1
5587,6477,1
5587,6478,1
5587,4438,1
5587,345,1
5587,6490,1
5587,4444,1
5587,2396,1
5587,361,1
5587,6507,1
5587,4460,1
5587,6508,1
5587,4469,1
5587,4478,1
5587,4494,1
5587,6545,1
5587,6547,1
5587,421,1
5587,4521,1
5587,429,1
5587,4527,1
5587,438,1
5587,4545,1
5587,453,1
5587,4572,1
5587,4575,1
5587,483,1
5587,485,1
5587,6631,1
5587,4588,1
5587,4600,1
5587,504,1
5587,510,1
5587,518,1
5587,4615,1
5587,4620,1
5587,4625,1
5587,537,1
5587,4635,1
5587,547,1
5587,556,1
5587,4653,1
5587,4659,1
5587,6709,1
5587,4663,1
5587,4687,1
5587,4689,1
5587,4699,1
5587,4701,1
5587,6749,1
5587,6756,1
5587,4716,1
5587,6766,1
5587,4724,1
5587,6773,1
5587,6775,1
5587,4733,1
5587,6782,1
5587,6787,1
5587,6788,1
5587,6791,1
5587,4744,1
5587,656,1
5587,6803,1
5587,667,1
5587,668,1
5587,4763,1
5587,4768,1
5587,6821,1
5587,4776,1
5587,682,1
5587,685,1
5587,709,1
5587,2757,1
5587,2761,1
5587,4809,1
5587,2764,1
5587,4821,1
5587,2774,1
5587,2793,1
5587,4846,1
5587,6894,1
5587,754,1
5587,762,1
5587,770,1
5587,2821,1
5587,4875,1
5587,779,1
5587,781,1
5587,4885,1
5587,4891,1
5587,805,1
5587,814,1
5587,823,1
5587,4928,1
5587,838,1
5587,2890,1
5587,4948,1
5587,854,1
5587,4958,1
5587,4961,1
5587,2914,1
5587,7013,1
5587,4966,1
5587,7020,1
5587,7021,1
5587,885,1
5587,7029,1
5587,2947,1
5587,7043,1
5587,2955,1
5587,5027,1
5587,2980,1
5587,5028,1
5587,5030,1
5587,7083,1
5587,7087,1
5587,960,1
5587,966,1
5587,975,1
5587,3035,1
5587,991,1
5587,3041,1
5587,995,1
5587,5096,1
5587,1003,1
5587,1005,1
5587,5108,1
5587,1014,1
5587,1017,1
5587,1018,1
5587,5115,1
5587,1023,1
5587,1027,1
5587,5125,1
5587,1041,1
5587,5147,1
5587,5149,1
5587,5171,1
5587,5173,1
5587,3125,1
5587,3128,1
5587,1081,1
5587,5176,1
5587,1083,1
5587,3133,1
5587,5183,1
5587,1089,1
5587,5188,1
5587,5190,1
5587,5192,1
5587,3148,1
5587,5203,1
5587,5205,1
5587,1111,1
5587,3169,1
5587,1125,1
5587,1128,1
5587,1129,1
5587,5228,1
5587,1138,1
5587,3201,1
5587,5285,1
5587,1204,1
5587,1212,1
5587,5328,1
5587,5330,1
5587,3290,1
5587,3308,1
5587,1263,1
5587,3312,1
5587,1266,1
5587,3334,1
5587,5418,1
5587,3370,1
5587,5424,1
5587,1328,1
5587,3377,1
5587,3378,1
5587,5431,1
5587,3386,1
5587,5436,1
5587,5454,1
5587,1361,1
5587,1368,1
5587,1390,1
5587,1395,1
5587,3447,1
5587,1411,1
5587,5519,1
5587,1426,1
5587,1427,1
5587,1429,1
5587,5526,1
5587,1430,1
5587,5527,1
5587,5535,1
5587,3489,1
5587,1458,1
5587,5567,1
5587,5569,1
5587,3526,1
5587,3527,1
5587,5579,1
5587,5582,1
5587,1488,1
5587,1489,1
5587,5588,1
5587,3546,1
5587,5598,1
5587,1504,1
5587,5608,1
5587,3560,1
5587,3562,1
5587,3565,1
5587,3572,1
5587,3596,1
5587,3597,1
5587,5650,1
5587,5653,1
5587,5668,1
5587,1576,1
5587,5676,1
5587,3632,1
5587,1588,1
5587,3636,1
5587,1595,1
5587,1598,1
5587,1608,1
5587,1615,1
5587,1631,1
5587,5735,1
5587,1644,1
5587,1645,1
5587,5743,1
5587,5759,1
5587,1664,1
5587,3717,1
5587,3720,1
5587,3727,1
5587,1679,1
5587,1681,1
5587,1682,1
5587,5800,1
5587,5809,1
5587,3766,1
5587,3781,1
5587,3782,1
5587,1768,1
5587,1773,1
5587,1783,1
5587,5879,1
5587,3839,1
5587,3840,1
5587,1794,1
5587,3860,1
5587,5919,1
5587,5929,1
5587,1845,1
5587,3899,1
5587,1855,1
5587,5956,1
5587,5959,1
5587,5960,1
5587,5967,1
5587,3920,1
5587,1895,1
5587,5999,1
5587,6004,1
5587,6032,1
5587,6035,1
5587,6051,1
5587,4013,1
5587,6062,1
5587,6079,1
5587,6083,1
5587,6086,1
5587,6091,1
5587,4045,1
5587,4052,1
5587,4076,1
5587,6131,1
5587,4084,1
5587,4092,1
2860,4096,1
2860,6159,1
2860,4123,1
2860,6172,1
2860,4129,1
2860,4132,1
2860,38,1
2860,50,1
2860,4150,1
2860,57,1
2860,58,1
2860,4153,1
2860,6204,1
2860,61,1
2860,6212,1
2860,71,1
2860,4172,1
2860,77,1
2860,86,1
2860,88,1
2860,4204,1
2860,4092,1
2860,114,1
2860,2164,1
2860,4213,1
2860,2167,1
2860,6266,1
2860,135,1
2860,2188,1
2860,6287,1
2860,145,1
2860,4243,1
2860,148,1
2860,2200,1
2860,2202,1
2860,6299,1
2860,6300,1
2860,158,1
2860,6303,1
2860,2210,1
2860,163,1
2860,4264,1
2860,2223,1
2860,175,1
2860,6326,1
2860,4279,1
2860,2239,1
2860,6337,1
2860,196,1
2860,197,1
2860,4292,1
2860,6349,1
2860,213,1
2860,4309,1
2860,223,1
2860,4319,1
2860,6367,1
2860,6371,1
2860,4324,1
2860,4323,1
2860,4330,1
2860,4343,1
2860,4350,1
2860,2310,1
2860,6409,1
2860,2320,1
2860,273,1
2860,2331,1
2860,2335,1
2860,4383,1
2860,6434,1
2860,6441,1
2860,300,1
2860,302,1
2860,2364,1
2860,321,1
2860,326,1
2860,328,1
2860,6475,1
2860,6476,1
2860,6477,1
2860,6478,1
2860,336,1
2860,4433,1
2860,4438,1
2860,345,1
2860,6490,1
2860,4444,1
2860,2396,1
2860,361,1
2860,6507,1
2860,4460,1
2860,6508,1
2860,4469,1
2860,4478,1
2860,4494,1
2860,6545,1
2860,6547,1
2860,421,1
2860,4521,1
2860,429,1
2860,4527,1
2860,438,1
2860,4545,1
2860,453,1
2860,4572,1
2860,4575,1
2860,483,1
2860,485,1
2860,6631,1
2860,4588,1
2860,4600,1
2860,504,1
2860,510,1
2860,518,1
2860,4615,1
2860,4620,1
2860,4625,1
2860,537,1
2860,4635,1
2860,547,1
2860,556,1
2860,4653,1
2860,4658,1
2860,4659,1
2860,6709,1
2860,4663,1
2860,4687,1
2860,4689,1
2860,4699,1
2860,4701,1
2860,6749,1
2860,6756,1
2860,4716,1
2860,6766,1
2860,4724,1
2860,6773,1
2860,6775,1
2860,4733,1
2860,6782,1
2860,6787,1
2860,6788,1
2860,6791,1
2860,4744,1
2860,656,1
2860,6803,1
2860,667,1
2860,668,1
2860,4763,1
2860,4768,1
2860,6821,1
2860,4776,1
2860,682,1
2860,685,1
2860,6838,1
2860,709,1
2860,2757,1
2860,2761,1
2860,4809,1
2860,2764,1
2860,4821,1
2860,2774,1
2860,2793,1
2860,4846,1
2860,6894,1
2860,754,1
2860,762,1
2860,770,1
2860,2821,1
2860,4875,1
2860,779,1
2860,781,1
2860,4885,1
2860,4891,1
2860,805,1
2860,814,1
2860,823,1
2860,4928,1
2860,838,1
2860,2890,1
2860,4948,1
2860,854,1
2860,4958,1
2860,4961,1
2860,2914,1
2860,7013,1
2860,4966,1
2860,7020,1
2860,7021,1
2860,885,1
2860,7029,1
2860,2947,1
2860,7043,1
2860,2955,1
2860,5027,1
2860,2980,1
2860,5028,1
2860,5030,1
2860,7083,1
2860,7087,1
2860,960,1
2860,966,1
2860,975,1
2860,3035,1
2860,991,1
2860,3041,1
2860,995,1
2860,5096,1
2860,1003,1
2860,1005,1
2860,5108,1
2860,1014,1
2860,1017,1
2860,1018,1
2860,5115,1
2860,1023,1
2860,1027,1
2860,5125,1
2860,1033,1
2860,1041,1
2860,5147,1
2860,5149,1
2860,5171,1
2860,5173,1
2860,3125,1
2860,5176,1
2860,1081,1
2860,3128,1
2860,1083,1
2860,3133,1
2860,5183,1
2860,1089,1
2860,5188,1
2860,5190,1
2860,5192,1
2860,3148,1
2860,5203,1
2860,5205,1
2860,1111,1
2860,3169,1
2860,1121,1
2860,1125,1
2860,1128,1
2860,1129,1
2860,5228,1
2860,1138,1
2860,3201,1
2860,5285,1
2860,1204,1
2860,1212,1
2860,5328,1
2860,5330,1
2860,3290,1
2860,1263,1
2860,3312,1
2860,1266,1
2860,3334,1
2860,5418,1
2860,3370,1
2860,5424,1
2860,1328,1
2860,3377,1
2860,3378,1
2860,5431,1
2860,3386,1
2860,5436,1
2860,5454,1
2860,1361,1
2860,1368,1
2860,1390,1
2860,1395,1
2860,3447,1
2860,1411,1
2860,5519,1
2860,1426,1
2860,1427,1
2860,1429,1
2860,1430,1
2860,5526,1
2860,5527,1
2860,5535,1
2860,3489,1
2860,1458,1
2860,5567,1
2860,5569,1
2860,3526,1
2860,3527,1
2860,5579,1
2860,5582,1
2860,1488,1
2860,1489,1
2860,5588,1
2860,3546,1
2860,5598,1
2860,1504,1
2860,5608,1
2860,3560,1
2860,3562,1
2860,3565,1
2860,3572,1
2860,3596,1
2860,3597,1
2860,5650,1
2860,5653,1
2860,5668,1
2860,1576,1
2860,5676,1
2860,3632,1
2860,1588,1
2860,1595,1
2860,1598,1
2860,1608,1
2860,1615,1
2860,1631,1
2860,5735,1
2860,1644,1
2860,1645,1
2860,5743,1
2860,5759,1
2860,1664,1
2860,3717,1
2860,3720,1
2860,3727,1
2860,1679,1
2860,1681,1
2860,1682,1
2860,5800,1
2860,5809,1
2860,3766,1
2860,3781,1
2860,3782,1
2860,1768,1
2860,1773,1
2860,5879,1
2860,1783,1
2860,3839,1
2860,3840,1
2860,1794,1
2860,3860,1
2860,5919,1
2860,5929,1
2860,1845,1
2860,3899,1
2860,1855,1
2860,5956,1
2860,5959,1
2860,5960,1
2860,5967,1
2860,3920,1
2860,1895,1
2860,5999,1
2860,6004,1
2860,6032,1
2860,6035,1
2860,6051,1
2860,4013,1
2860,6062,1
2860,4021,1
2860,6079,1
2860,6083,1
2860,6086,1
2860,6091,1
2860,4045,1
2860,4052,1
2860,4076,1
2860,6131,1
2860,4084,1
2860,6140,1